com.samsung.shealth.calories_burned.details,6221053,2
active_calories_goal,version,extra_data,com.samsung.shealth.calories_burned.tef_calorie,com.samsung.shealth.calories_burned.active_time,com.samsung.shealth.calories_burned.rest_calorie,com.samsung.shealth.calories_burned.update_time,com.samsung.shealth.calories_burned.create_time,com.samsung.shealth.calories_burned.active_calorie,com.samsung.shealth.calories_burned.deviceuuid,com.samsung.shealth.calories_burned.pkg_name,com.samsung.shealth.calories_burned.datauuid,com.samsung.shealth.calories_burned.day_time
,,15320454-b788-4cd8-8b3b-99971ffa7ad2.extra_data.json,0.0,7088221,1559.476,2022-01-16 20:59:09.331,2022-01-15 10:11:20.749,457.3914,e7FCb+MfnB,com.sec.android.app.shealth,15320454-b788-4cd8-8b3b-99971ffa7ad2,1642204800000,
,,7f8ab1c0-9c58-485b-bddc-7137ba1c0b6d.extra_data.json,0.0,0,1661.4569,2022-01-15 10:11:21.858,2022-01-15 10:11:21.858,0.0,e7FCb+MfnB,com.sec.android.app.shealth,7f8ab1c0-9c58-485b-bddc-7137ba1c0b6d,1640304000000,
,,4157cf20-a4b7-463a-91a0-4f9237dcf2e4.extra_data.json,0.0,0,1661.4569,2022-01-15 10:11:21.937,2022-01-15 10:11:21.937,0.0,e7FCb+MfnB,com.sec.android.app.shealth,4157cf20-a4b7-463a-91a0-4f9237dcf2e4,1640822400000,
,,c8bf44ad-1c04-4dee-86c0-d9a7b5423cfd.extra_data.json,0.0,0,1661.4569,2022-01-15 10:11:22.009,2022-01-15 10:11:22.009,0.0,e7FCb+MfnB,com.sec.android.app.shealth,c8bf44ad-1c04-4dee-86c0-d9a7b5423cfd,1641340800000,
,,de4bc85c-d22c-46d1-9b55-b82f74671792.extra_data.json,0.0,0,1661.4569,2022-01-15 10:11:22.076,2022-01-15 10:11:22.076,0.0,e7FCb+MfnB,com.sec.android.app.shealth,de4bc85c-d22c-46d1-9b55-b82f74671792,1641859200000,
,,b2d87a71-9227-47f8-9a5e-8f0b560e662c.extra_data.json,0.0,7201789,1557.2429,2022-01-18 21:00:00.683,2022-01-17 21:00:00.520,495.02988,e7FCb+MfnB,com.sec.android.app.shealth,b2d87a71-9227-47f8-9a5e-8f0b560e662c,1642464000000,
,,6502f003-e920-4f0a-8743-f6ed2b69c030.extra_data.json,0.0,8201630,1537.5834,2022-01-24 21:00:00.500,2022-01-23 21:00:01.040,701.1566,e7FCb+MfnB,com.sec.android.app.shealth,6502f003-e920-4f0a-8743-f6ed2b69c030,1642982400000,
,,44395cdf-b0bb-4b10-9804-d7a19fb30370.extra_data.json,0.0,6375276,1573.4943,2022-01-30 21:00:00.572,2022-01-29 21:00:00.461,435.6015,e7FCb+MfnB,com.sec.android.app.shealth,44395cdf-b0bb-4b10-9804-d7a19fb30370,1643500800000,
,,54165ba1-97d9-42d5-a295-a4e5ac00029b.extra_data.json,0.0,10137848,1499.5123,2022-02-05 21:00:00.875,2022-02-04 21:00:00.614,946.19507,e7FCb+MfnB,com.sec.android.app.shealth,54165ba1-97d9-42d5-a295-a4e5ac00029b,1644019200000,
,,a8b32d5e-6ff6-4ecc-a623-ad91ebcda3f9.extra_data.json,0.0,14489245,1413.9525,2022-02-11 21:00:00.643,2022-02-10 21:00:00.490,1061.5531,e7FCb+MfnB,com.sec.android.app.shealth,a8b32d5e-6ff6-4ecc-a623-ad91ebcda3f9,1644537600000,
,,34621d93-47db-4fa4-b164-387b455813a2.extra_data.json,0.0,4064705,1618.9261,2022-02-17 21:00:00.735,2022-02-16 21:00:00.399,474.18027,e7FCb+MfnB,com.sec.android.app.shealth,34621d93-47db-4fa4-b164-387b455813a2,1645056000000,
,,91be6085-a71d-44b8-8def-ddd1b2eb82b9.extra_data.json,0.0,1396321,1671.3936,2022-02-23 21:00:01.495,2022-02-22 21:00:00.514,102.999985,e7FCb+MfnB,com.sec.android.app.shealth,91be6085-a71d-44b8-8def-ddd1b2eb82b9,1645574400000,
,,e588ea92-99cb-4216-bd5a-8bc0a3162ad4.extra_data.json,0.0,4316160,1613.9819,2022-03-01 21:00:01.312,2022-02-28 21:00:03.483,286.0,e7FCb+MfnB,com.sec.android.app.shealth,e588ea92-99cb-4216-bd5a-8bc0a3162ad4,1646092800000,
,,c39f4d66-60e4-4b75-bf18-a371311193a1.extra_data.json,0.0,14929069,1405.3044,2022-03-07 21:00:00.781,2022-03-06 21:00:00.572,1019.3607,e7FCb+MfnB,com.sec.android.app.shealth,c39f4d66-60e4-4b75-bf18-a371311193a1,1646611200000,
,,ad0e1ed1-dbec-41c5-8373-8bf5d2cf6b3a.extra_data.json,0.0,0,1661.4569,2022-01-15 10:11:21.788,2022-01-15 10:11:21.788,0.0,e7FCb+MfnB,com.sec.android.app.shealth,ad0e1ed1-dbec-41c5-8373-8bf5d2cf6b3a,1639872000000,
,,fa78c6e3-9642-46ed-834a-285c70159172.extra_data.json,0.0,5188011,1596.8391,2022-03-13 21:00:09.747,2022-03-12 21:00:00.336,340.26996,e7FCb+MfnB,com.sec.android.app.shealth,fa78c6e3-9642-46ed-834a-285c70159172,1647129600000,
,,c22d412d-3dd3-4651-a49a-399058be44b4.extra_data.json,0.0,0,1661.4569,2022-01-15 10:11:21.875,2022-01-15 10:11:21.875,0.0,e7FCb+MfnB,com.sec.android.app.shealth,c22d412d-3dd3-4651-a49a-399058be44b4,1640390400000,
,,0d4e6f81-0b7b-40df-b4d5-15fc0dc79aa0.extra_data.json,0.0,8332292,1535.0144,2022-03-19 21:00:01.343,2022-03-18 21:00:00.465,595.5867,e7FCb+MfnB,com.sec.android.app.shealth,0d4e6f81-0b7b-40df-b4d5-15fc0dc79aa0,1647648000000,
,,64e32dd4-ab3c-4cbe-8c9b-c3673be17f0c.extra_data.json,0.0,0,1661.4569,2022-01-15 10:11:21.951,2022-01-15 10:11:21.951,0.0,e7FCb+MfnB,com.sec.android.app.shealth,64e32dd4-ab3c-4cbe-8c9b-c3673be17f0c,1640908800000,
,,43b3fece-6cde-4c17-8ef0-406f47ad4957.extra_data.json,0.0,5935720,1582.1372,2022-03-25 21:00:00.676,2022-03-24 21:00:00.584,428.6928,e7FCb+MfnB,com.sec.android.app.shealth,43b3fece-6cde-4c17-8ef0-406f47ad4957,1648166400000,
,,bae7e31e-860d-4255-b2d6-d88fb2fc6947.extra_data.json,0.0,0,1661.4569,2022-01-15 10:11:21.799,2022-01-15 10:11:21.799,0.0,e7FCb+MfnB,com.sec.android.app.shealth,bae7e31e-860d-4255-b2d6-d88fb2fc6947,1639958400000,
,,573be546-cea4-4f74-98a0-3c8c319d7c6e.extra_data.json,0.0,0,1661.4569,2022-01-15 10:11:22.018,2022-01-15 10:11:22.018,0.0,e7FCb+MfnB,com.sec.android.app.shealth,573be546-cea4-4f74-98a0-3c8c319d7c6e,1641427200000,
,,4d7f26a6-731f-47be-a695-ff4083c5f654.extra_data.json,0.0,0,1661.4569,2022-01-15 10:11:21.888,2022-01-15 10:11:21.888,0.0,e7FCb+MfnB,com.sec.android.app.shealth,4d7f26a6-731f-47be-a695-ff4083c5f654,1640476800000,
,,e80c3802-3116-493c-971f-0522fc025b6f.extra_data.json,0.0,0,1698.8489,2022-02-08 15:29:02.304,2022-01-15 10:11:22.092,0.0,e7FCb+MfnB,com.sec.android.app.shealth,e80c3802-3116-493c-971f-0522fc025b6f,1641945600000,
,,87d7969a-8c82-4851-96ff-56a96ee3449d.extra_data.json,0.0,8368232,1534.3076,2022-03-31 21:22:10.318,2022-03-30 21:00:00.478,591.97064,e7FCb+MfnB,com.sec.android.app.shealth,87d7969a-8c82-4851-96ff-56a96ee3449d,1648684800000,
,,afcdfb07-0815-450f-965c-40db9dc2057e.extra_data.json,0.0,0,1661.4569,2022-01-15 10:11:21.966,2022-01-15 10:11:21.966,0.0,e7FCb+MfnB,com.sec.android.app.shealth,afcdfb07-0815-450f-965c-40db9dc2057e,1640995200000,
,,e32f9a35-03d7-4a2d-98dd-452d1c8b50b6.extra_data.json,0.0,7597100,1549.47,2022-04-06 21:00:00.784,2022-04-05 21:00:00.576,535.53546,e7FCb+MfnB,com.sec.android.app.shealth,e32f9a35-03d7-4a2d-98dd-452d1c8b50b6,1649203200000,
,,487e0ad6-e8bb-4345-a233-20a4a769b4e9.extra_data.json,0.0,8513779,1531.4458,2022-01-19 21:00:00.652,2022-01-18 21:00:00.591,638.0875,e7FCb+MfnB,com.sec.android.app.shealth,487e0ad6-e8bb-4345-a233-20a4a769b4e9,1642550400000,
,,4bae56bb-b7c2-4c68-bc1a-be4faf98319a.extra_data.json,0.0,9433203,1513.3676,2022-04-12 21:00:00.913,2022-04-11 21:00:00.634,649.57306,e7FCb+MfnB,com.sec.android.app.shealth,4bae56bb-b7c2-4c68-bc1a-be4faf98319a,1649721600000,
,,0f36a246-1ac6-439f-bab6-167b73c62460.extra_data.json,0.0,0,1661.4569,2022-01-15 10:11:22.029,2022-01-15 10:11:22.029,0.0,e7FCb+MfnB,com.sec.android.app.shealth,0f36a246-1ac6-439f-bab6-167b73c62460,1641513600000,
,,7de0d1a8-e8dc-4a61-966c-4af45c35175e.extra_data.json,0.0,5811068,1584.588,2022-01-25 21:00:00.642,2022-01-24 21:00:00.331,585.73035,e7FCb+MfnB,com.sec.android.app.shealth,7de0d1a8-e8dc-4a61-966c-4af45c35175e,1643068800000,
,,3323b92a-7e67-4187-878e-f049851d60dd.extra_data.json,0.0,6008982,1580.6965,2022-04-18 21:00:01.628,2022-04-17 21:00:02.255,443.67883,e7FCb+MfnB,com.sec.android.app.shealth,3323b92a-7e67-4187-878e-f049851d60dd,1650240000000,
,,a8b06bac-0504-4a96-bc6d-120eeec231ef.extra_data.json,0.0,0,1698.8489,2022-02-08 15:29:02.341,2022-01-15 10:11:22.102,0.0,e7FCb+MfnB,com.sec.android.app.shealth,a8b06bac-0504-4a96-bc6d-120eeec231ef,1642032000000,
,,58ca7221-9195-4bd1-bbc7-a5c341b4d4e6.extra_data.json,0.0,14147930,1420.6638,2022-04-24 21:00:00.812,2022-04-23 21:00:00.587,1274.5547,e7FCb+MfnB,com.sec.android.app.shealth,58ca7221-9195-4bd1-bbc7-a5c341b4d4e6,1650758400000,
,,d1199918-845b-4a55-9068-2be9458c11d9.extra_data.json,0.0,3442460,1631.161,2022-01-31 21:06:22.995,2022-01-30 21:00:00.415,344.16632,e7FCb+MfnB,com.sec.android.app.shealth,d1199918-845b-4a55-9068-2be9458c11d9,1643587200000,
,,b2a5fb36-3ffc-4d52-b365-aa121a98dfda.extra_data.json,0.0,8611628,1529.5217,2022-01-20 21:00:00.624,2022-01-19 21:00:00.548,587.44324,e7FCb+MfnB,com.sec.android.app.shealth,b2a5fb36-3ffc-4d52-b365-aa121a98dfda,1642636800000,
,,3d0c7443-fd30-4dd4-b175-43227fbc1503.extra_data.json,0.0,7640856,1548.6097,2022-04-30 21:00:00.926,2022-04-29 21:00:01.927,684.67377,e7FCb+MfnB,com.sec.android.app.shealth,3d0c7443-fd30-4dd4-b175-43227fbc1503,1651276800000,
,,04f3fd05-3049-4669-92e0-a6beec8de99d.extra_data.json,0.0,9901206,1504.1653,2022-02-06 21:00:00.665,2022-02-05 21:00:00.600,836.4291,e7FCb+MfnB,com.sec.android.app.shealth,04f3fd05-3049-4669-92e0-a6beec8de99d,1644105600000,
,,9e871c65-7c3b-49c6-aa4b-9cededdf1fe6.extra_data.json,0.0,2720331,1645.3601,2022-01-26 21:00:00.639,2022-01-25 21:00:00.471,234.57759,e7FCb+MfnB,com.sec.android.app.shealth,9e871c65-7c3b-49c6-aa4b-9cededdf1fe6,1643155200000,
,,b6317e03-648e-4816-847b-475131e1b53f.extra_data.json,0.0,12444391,1454.1597,2022-05-06 21:00:01.029,2022-05-05 21:00:00.350,1303.7621,e7FCb+MfnB,com.sec.android.app.shealth,b6317e03-648e-4816-847b-475131e1b53f,1651795200000,
,,42031ef9-4af4-4104-b815-2150e998e6a4.extra_data.json,0.0,13277668,1437.7754,2022-02-12 21:02:05.360,2022-02-11 21:00:00.439,947.83923,e7FCb+MfnB,com.sec.android.app.shealth,42031ef9-4af4-4104-b815-2150e998e6a4,1644624000000,
,,4852173f-df50-4956-a747-39a055918cbf.extra_data.json,0.0,6626183,1568.5608,2022-05-12 21:00:00.750,2022-05-11 21:00:00.610,471.47034,e7FCb+MfnB,com.sec.android.app.shealth,4852173f-df50-4956-a747-39a055918cbf,1652313600000,
,,17d9fda0-6102-4b00-a43c-32fa35b65b13.extra_data.json,0.0,5822132,1584.3706,2022-02-01 21:00:02.069,2022-01-31 21:06:22.658,474.3205,e7FCb+MfnB,com.sec.android.app.shealth,17d9fda0-6102-4b00-a43c-32fa35b65b13,1643673600000,
,,09be6275-5990-4ed2-b143-2ff3af6ad4f1.extra_data.json,0.0,4190208,1616.4585,2022-02-18 21:00:01.955,2022-02-17 21:00:00.457,308.3501,e7FCb+MfnB,com.sec.android.app.shealth,09be6275-5990-4ed2-b143-2ff3af6ad4f1,1645142400000,
,,c44491c7-e30e-4996-b2b4-30c1d131206a.extra_data.json,0.0,6418329,1572.6478,2022-05-18 21:00:00.805,2022-05-17 21:00:00.655,445.2973,e7FCb+MfnB,com.sec.android.app.shealth,c44491c7-e30e-4996-b2b4-30c1d131206a,1652832000000,
,,f6f72df4-54a9-404f-baee-46dc762687a0.extra_data.json,0.0,7311357,1555.0885,2022-02-07 21:00:00.644,2022-02-06 21:00:00.505,720.62836,e7FCb+MfnB,com.sec.android.app.shealth,f6f72df4-54a9-404f-baee-46dc762687a0,1644192000000,
,,10edd37a-76c8-4496-8f7a-095cb5827085.extra_data.json,0.0,12121727,1460.5042,2022-05-24 21:04:23.235,2022-05-23 21:00:02.113,852.69635,e7FCb+MfnB,com.sec.android.app.shealth,10edd37a-76c8-4496-8f7a-095cb5827085,1653350400000,
,,04f280c1-9d9a-4d35-859d-4f52fb326a2e.extra_data.json,0.0,12944012,1444.3358,2022-02-13 21:00:00.885,2022-02-12 21:00:00.600,1255.9044,e7FCb+MfnB,com.sec.android.app.shealth,04f280c1-9d9a-4d35-859d-4f52fb326a2e,1644710400000,
,,de74c210-decf-493e-a432-996a967f3899.extra_data.json,0.0,4976048,1601.0068,2022-02-24 21:00:00.844,2022-02-23 21:00:01.249,435.24988,e7FCb+MfnB,com.sec.android.app.shealth,de74c210-decf-493e-a432-996a967f3899,1645660800000,
,,2a665de8-154d-4d40-86bc-973e5c14c9ca.extra_data.json,0.0,13583340,1431.765,2022-05-30 21:00:00.782,2022-05-29 21:00:00.573,942.62,e7FCb+MfnB,com.sec.android.app.shealth,2a665de8-154d-4d40-86bc-973e5c14c9ca,1653868800000,
,,7747970a-5e09-4b5e-af0d-6ddad7443f5d.extra_data.json,0.0,7476060,1551.85,2022-02-19 21:00:02.261,2022-02-18 21:00:01.722,512.7745,e7FCb+MfnB,com.sec.android.app.shealth,7747970a-5e09-4b5e-af0d-6ddad7443f5d,1645228800000,
,,2e60c71b-a344-4ebc-9f5d-1362780ae22e.extra_data.json,0.0,4765329,1605.1501,2022-03-02 21:00:00.863,2022-03-01 21:00:01.099,324.23697,e7FCb+MfnB,com.sec.android.app.shealth,2e60c71b-a344-4ebc-9f5d-1362780ae22e,1646179200000,
,,94b17ca4-9c1b-48d5-8042-7be7737bfa22.extra_data.json,0.0,11083108,1480.9261,2022-06-05 21:00:01.030,2022-06-04 21:00:00.722,789.6817,e7FCb+MfnB,com.sec.android.app.shealth,94b17ca4-9c1b-48d5-8042-7be7737bfa22,1654387200000,
,,d61d6660-7ceb-49dc-b4c4-ea3d1e65a7ff.extra_data.json,0.0,4396161,1612.4089,2022-02-25 21:00:01.502,2022-02-24 21:00:00.577,377.07068,e7FCb+MfnB,com.sec.android.app.shealth,d61d6660-7ceb-49dc-b4c4-ea3d1e65a7ff,1645747200000,
,,729067f1-0905-4ac9-bf36-3109ca21a588.extra_data.json,0.0,5047790,1599.5961,2022-03-08 21:00:00.890,2022-03-07 21:00:00.607,344.01,e7FCb+MfnB,com.sec.android.app.shealth,729067f1-0905-4ac9-bf36-3109ca21a588,1646697600000,
,,88ac3331-dd73-40e6-bbd0-85d80f9aeb41.extra_data.json,0.0,4220386,1615.8651,2022-03-03 21:03:27.924,2022-03-02 21:00:00.648,280.53995,e7FCb+MfnB,com.sec.android.app.shealth,88ac3331-dd73-40e6-bbd0-85d80f9aeb41,1646265600000,
,,104dd2c3-5dab-4127-b311-54374e511e70.extra_data.json,0.0,5697740,1586.8164,2022-06-11 21:00:00.719,2022-06-10 21:00:00.393,537.2973,e7FCb+MfnB,com.sec.android.app.shealth,104dd2c3-5dab-4127-b311-54374e511e70,1654905600000,
,,b59b9ac2-6ad8-488c-a86c-d468305e2146.extra_data.json,0.0,9970559,1502.8016,2022-03-09 21:00:01.390,2022-03-08 21:00:00.589,674.9779,e7FCb+MfnB,com.sec.android.app.shealth,b59b9ac2-6ad8-488c-a86c-d468305e2146,1646784000000,
,,2d0a8902-4e29-43bc-a291-94f145a11866.extra_data.json,0.0,10402721,1494.3043,2022-03-14 21:00:02.491,2022-03-13 21:00:00.602,691.97754,e7FCb+MfnB,com.sec.android.app.shealth,2d0a8902-4e29-43bc-a291-94f145a11866,1647216000000,
,,1282100d-fb18-4f01-970f-dd6ebee96e36.extra_data.json,0.0,5276726,1595.0946,2022-06-17 21:00:02.029,2022-06-16 21:00:02.357,420.4144,e7FCb+MfnB,com.sec.android.app.shealth,1282100d-fb18-4f01-970f-dd6ebee96e36,1655424000000,
,,f6893671-b92a-4798-aa31-fa65133c21f8.extra_data.json,0.0,5326207,1594.1217,2022-03-15 21:00:03.657,2022-03-14 21:00:01.408,349.49298,e7FCb+MfnB,com.sec.android.app.shealth,f6893671-b92a-4798-aa31-fa65133c21f8,1647302400000,
,,800edb9e-131a-4b7a-ba31-78fe23bc3fc8.extra_data.json,0.0,12115632,1460.624,2022-03-20 21:00:00.708,2022-03-19 21:00:00.955,844.386,e7FCb+MfnB,com.sec.android.app.shealth,800edb9e-131a-4b7a-ba31-78fe23bc3fc8,1647734400000,
,,0ddce042-65de-4843-9f8f-650ff7e9d3d1.extra_data.json,0.0,7253270,1556.2306,2022-06-23 21:00:02.357,2022-06-22 21:00:01.048,502.74698,e7FCb+MfnB,com.sec.android.app.shealth,0ddce042-65de-4843-9f8f-650ff7e9d3d1,1655942400000,
,,1d9a98f7-08f7-412f-94e4-fbc78da35f70.extra_data.json,0.0,10635062,1489.7358,2022-03-21 21:00:00.677,2022-03-20 21:00:00.435,748.5044,e7FCb+MfnB,com.sec.android.app.shealth,1d9a98f7-08f7-412f-94e4-fbc78da35f70,1647820800000,
,,7a7d0c10-e501-4b4e-8cda-aa350396a0f3.extra_data.json,0.0,6879348,1563.583,2022-03-26 21:00:00.729,2022-03-25 21:00:00.452,529.506,e7FCb+MfnB,com.sec.android.app.shealth,7a7d0c10-e501-4b4e-8cda-aa350396a0f3,1648252800000,
,,d5874147-d489-4734-b1cd-d399e55418ac.extra_data.json,0.0,14530867,1413.1343,2022-03-27 21:00:00.874,2022-03-26 21:00:00.659,1062.4282,e7FCb+MfnB,com.sec.android.app.shealth,d5874147-d489-4734-b1cd-d399e55418ac,1648339200000,
,,24292c45-18e5-4386-a404-58a4db6b55d7.extra_data.json,0.0,11650901,1469.7617,2022-06-29 21:00:01.727,2022-06-28 21:00:00.829,1060.1261,e7FCb+MfnB,com.sec.android.app.shealth,24292c45-18e5-4386-a404-58a4db6b55d7,1656460800000,
,,c860f548-e7ed-41c7-8bc9-807305686c76.extra_data.json,0.0,4999702,1600.5416,2022-04-01 21:00:00.765,2022-03-31 21:00:01.813,348.61325,e7FCb+MfnB,com.sec.android.app.shealth,c860f548-e7ed-41c7-8bc9-807305686c76,1648771200000,
,,9b67aa42-9970-4cca-9c9e-7afd382eaa92.extra_data.json,0.0,8640441,1528.9553,2022-04-07 21:01:18.537,2022-04-06 21:00:00.477,590.8463,e7FCb+MfnB,com.sec.android.app.shealth,9b67aa42-9970-4cca-9c9e-7afd382eaa92,1649289600000,
,,f6e0f8a4-2f77-4002-a0f4-cb9af95d85b6.extra_data.json,0.0,10594552,1490.5323,2022-04-02 21:11:56.096,2022-04-01 21:00:00.578,765.81946,e7FCb+MfnB,com.sec.android.app.shealth,f6e0f8a4-2f77-4002-a0f4-cb9af95d85b6,1648857600000,
,,f3fd0599-5b9b-4b2e-93e1-58472aab8fce.extra_data.json,0.0,12605216,1450.9976,2022-07-05 21:08:35.878,2022-07-04 21:00:04.121,1071.3356,e7FCb+MfnB,com.sec.android.app.shealth,f3fd0599-5b9b-4b2e-93e1-58472aab8fce,1656979200000,
,,1aeb14c0-517e-4d9f-9cab-d7fe12499a79.extra_data.json,0.0,5083468,1598.8945,2022-04-13 21:00:00.585,2022-04-12 21:00:00.682,328.8299,e7FCb+MfnB,com.sec.android.app.shealth,1aeb14c0-517e-4d9f-9cab-d7fe12499a79,1649808000000,
,,13fcf5be-6c6e-4493-be97-0f1bcf44d424.extra_data.json,0.0,6531843,1570.4159,2022-07-11 21:00:01.662,2022-07-10 21:00:00.760,566.66943,e7FCb+MfnB,com.sec.android.app.shealth,13fcf5be-6c6e-4493-be97-0f1bcf44d424,1657497600000,
,,eec16d94-9683-4372-94e8-d8b7c0f160d3.extra_data.json,0.0,8304439,1535.5619,2022-04-08 21:00:01.423,2022-04-07 21:00:00.553,600.7787,e7FCb+MfnB,com.sec.android.app.shealth,eec16d94-9683-4372-94e8-d8b7c0f160d3,1649376000000,
,,4eee3156-ee52-43d8-bef9-bd7fd9deccbf.extra_data.json,0.0,7777247,1545.9279,2022-04-19 21:00:00.760,2022-04-18 21:00:01.361,540.6273,e7FCb+MfnB,com.sec.android.app.shealth,4eee3156-ee52-43d8-bef9-bd7fd9deccbf,1650326400000,
,,098c1db8-e2f2-4caa-8676-4f6d2f4aacce.extra_data.json,0.0,8566412,1530.4108,2022-07-17 21:00:02.770,2022-07-16 21:00:00.486,740.8186,e7FCb+MfnB,com.sec.android.app.shealth,098c1db8-e2f2-4caa-8676-4f6d2f4aacce,1658016000000,
,,bda05692-538e-48a7-bc19-5a32dd6d2f9d.extra_data.json,0.0,2381551,1652.0214,2022-04-14 21:00:02.932,2022-04-13 21:00:00.407,158.37,e7FCb+MfnB,com.sec.android.app.shealth,bda05692-538e-48a7-bc19-5a32dd6d2f9d,1649894400000,
,,8f5d1448-928d-4bfd-9f41-57b36117b495.extra_data.json,0.0,10432995,1493.7091,2022-07-23 21:00:03.110,2022-07-22 21:00:00.821,815.12415,e7FCb+MfnB,com.sec.android.app.shealth,8f5d1448-928d-4bfd-9f41-57b36117b495,1658534400000,
,,02f9417c-49db-48d9-8d65-9f21ac466928.extra_data.json,0.0,7193784,1557.4004,2022-04-20 21:00:02.015,2022-04-19 21:00:00.527,553.9612,e7FCb+MfnB,com.sec.android.app.shealth,02f9417c-49db-48d9-8d65-9f21ac466928,1650412800000,
,,3c8f69aa-2223-4715-9d07-0998c2d5af6e.extra_data.json,0.0,7621958,1548.9813,2022-04-25 21:00:00.866,2022-04-24 21:00:00.595,540.37396,e7FCb+MfnB,com.sec.android.app.shealth,3c8f69aa-2223-4715-9d07-0998c2d5af6e,1650844800000,
,,d4f0dd69-88af-43f0-8f36-f5500a78c6b3.extra_data.json,0.0,5914423,1582.5559,2022-07-29 21:01:21.370,2022-07-28 21:00:00.552,424.18835,e7FCb+MfnB,com.sec.android.app.shealth,d4f0dd69-88af-43f0-8f36-f5500a78c6b3,1659052800000,
,,7725d20d-edd0-4b6d-8ab0-3c03219a566a.extra_data.json,0.0,5679658,1587.172,2022-05-01 21:00:01.110,2022-04-30 21:00:00.451,455.75287,e7FCb+MfnB,com.sec.android.app.shealth,7725d20d-edd0-4b6d-8ab0-3c03219a566a,1651363200000,
,,564123d5-4c32-4870-846b-3893d1357e6a.extra_data.json,0.0,4405723,1612.221,2022-04-26 21:00:00.929,2022-04-25 21:00:00.665,303.47998,e7FCb+MfnB,com.sec.android.app.shealth,564123d5-4c32-4870-846b-3893d1357e6a,1650931200000,
,,4788820b-5086-417b-8acb-1644d5db2194.extra_data.json,0.0,8562460,1530.4885,2022-08-04 21:00:02.391,2022-08-03 21:00:01.004,760.147,e7FCb+MfnB,com.sec.android.app.shealth,4788820b-5086-417b-8acb-1644d5db2194,1659571200000,
,,0a843b28-a7aa-4bd9-aeb5-3eb478759bbd.extra_data.json,0.0,7480674,1551.7594,2022-05-02 21:00:00.734,2022-05-01 21:00:00.790,687.4489,e7FCb+MfnB,com.sec.android.app.shealth,0a843b28-a7aa-4bd9-aeb5-3eb478759bbd,1651449600000,
,,e80f763f-6f3e-48b3-9a54-b10315805adc.extra_data.json,0.0,8619188,1529.3733,2022-05-07 21:00:00.898,2022-05-06 21:00:00.634,900.1145,e7FCb+MfnB,com.sec.android.app.shealth,e80f763f-6f3e-48b3-9a54-b10315805adc,1651881600000,
,,5ceaf516-470c-4094-a7f1-7570a3819007.extra_data.json,0.0,10774933,1486.9856,2022-08-10 21:00:03.335,2022-08-09 21:00:00.884,824.5701,e7FCb+MfnB,com.sec.android.app.shealth,5ceaf516-470c-4094-a7f1-7570a3819007,1660089600000,
,,104d8bb1-bddf-4aff-b9f5-f819b2eea577.extra_data.json,0.0,6242783,1576.0995,2022-05-13 21:00:00.801,2022-05-12 21:00:00.639,419.4934,e7FCb+MfnB,com.sec.android.app.shealth,104d8bb1-bddf-4aff-b9f5-f819b2eea577,1652400000000,
,,88507042-5a19-4ace-b72f-d82e18aeb630.extra_data.json,0.0,8434322,1533.0082,2022-05-08 21:00:01.108,2022-05-07 21:00:00.565,965.6623,e7FCb+MfnB,com.sec.android.app.shealth,88507042-5a19-4ace-b72f-d82e18aeb630,1651968000000,
,,4cde7d9b-7e25-4d55-86bb-c420885dfc17.extra_data.json,0.0,4108967,1618.0558,2022-05-19 21:00:01.000,2022-05-18 21:00:00.536,284.25198,e7FCb+MfnB,com.sec.android.app.shealth,4cde7d9b-7e25-4d55-86bb-c420885dfc17,1652918400000,
,,cf572699-df92-4a72-b0e6-44f78f106c35.extra_data.json,0.0,9488747,1512.2754,2022-08-16 21:00:02.499,2022-08-15 21:00:00.688,897.8501,e7FCb+MfnB,com.sec.android.app.shealth,cf572699-df92-4a72-b0e6-44f78f106c35,1660608000000,
,,4e64a24f-183b-41b2-9fe7-21f62fef8baa.extra_data.json,0.0,11131068,1479.983,2022-05-14 21:00:00.737,2022-05-13 21:00:00.416,789.7771,e7FCb+MfnB,com.sec.android.app.shealth,4e64a24f-183b-41b2-9fe7-21f62fef8baa,1652486400000,
,,ab98b749-f2a1-4c05-a973-0a091675dfc3.extra_data.json,0.0,12059766,1461.7224,2022-05-25 21:00:00.792,2022-05-24 21:00:03.232,859.37866,e7FCb+MfnB,com.sec.android.app.shealth,ab98b749-f2a1-4c05-a973-0a091675dfc3,1653436800000,
,,d4e4d4a4-8819-4f28-a33a-769e30b9976f.extra_data.json,0.0,12026560,1462.3754,2022-05-20 21:00:00.753,2022-05-19 21:00:00.566,834.3499,e7FCb+MfnB,com.sec.android.app.shealth,d4e4d4a4-8819-4f28-a33a-769e30b9976f,1653004800000,
,,ce6d9878-f615-4250-80c7-e2a30fe18cb8.extra_data.json,0.0,11870683,1465.4404,2022-05-31 21:00:00.454,2022-05-30 21:00:00.537,915.7001,e7FCb+MfnB,com.sec.android.app.shealth,ce6d9878-f615-4250-80c7-e2a30fe18cb8,1653955200000,
,,553f24f0-d043-47f2-8cbc-7ccd1bcbe382.extra_data.json,0.0,0,1661.4569,2022-01-15 10:11:21.817,2022-01-15 10:11:21.817,0.0,e7FCb+MfnB,com.sec.android.app.shealth,553f24f0-d043-47f2-8cbc-7ccd1bcbe382,1640044800000,
,,63083cee-134c-492b-89df-9a428fa57e61.extra_data.json,0.0,11078937,1481.0082,2022-06-06 21:00:00.958,2022-06-05 21:00:00.769,749.19116,e7FCb+MfnB,com.sec.android.app.shealth,63083cee-134c-492b-89df-9a428fa57e61,1654473600000,
,,41df6031-3b94-428f-9625-5c403d956310.extra_data.json,0.0,9353587,1514.9331,2022-05-26 21:00:00.967,2022-05-25 21:00:00.510,633.9425,e7FCb+MfnB,com.sec.android.app.shealth,41df6031-3b94-428f-9625-5c403d956310,1653523200000,
,,929e65d1-44ff-4844-a1fa-eca68d5fde0b.extra_data.json,0.0,0,1661.4569,2022-01-15 10:11:21.900,2022-01-15 10:11:21.900,0.0,e7FCb+MfnB,com.sec.android.app.shealth,929e65d1-44ff-4844-a1fa-eca68d5fde0b,1640563200000,
,,72cddbe5-1302-4c48-a31c-3ee9d1dced1a.extra_data.json,0.0,6995836,1561.2925,2022-06-12 21:00:01.138,2022-06-11 21:00:00.348,730.2422,e7FCb+MfnB,com.sec.android.app.shealth,72cddbe5-1302-4c48-a31c-3ee9d1dced1a,1654992000000,
,,975df483-334a-4f97-a064-93008848de5e.extra_data.json,0.0,11239520,1477.8506,2022-06-01 21:04:02.669,2022-05-31 21:00:00.337,820.87134,e7FCb+MfnB,com.sec.android.app.shealth,975df483-334a-4f97-a064-93008848de5e,1654041600000,
,,296a339a-1ebf-457f-a437-66ee707abc4c.extra_data.json,0.0,0,1661.4569,2022-01-15 10:11:21.978,2022-01-15 10:11:21.978,0.0,e7FCb+MfnB,com.sec.android.app.shealth,296a339a-1ebf-457f-a437-66ee707abc4c,1641081600000,
,,892fdef2-8ec9-4c18-9d6c-c0cb406083d6.extra_data.json,0.0,11787606,1467.0739,2022-06-18 21:00:01.285,2022-06-17 21:00:01.779,1140.7568,e7FCb+MfnB,com.sec.android.app.shealth,892fdef2-8ec9-4c18-9d6c-c0cb406083d6,1655510400000,
,,c8700bab-b0fe-4f73-893e-6779879fe3b0.extra_data.json,0.0,12532699,1452.4235,2022-06-07 21:00:02.575,2022-06-06 21:00:00.748,871.6228,e7FCb+MfnB,com.sec.android.app.shealth,c8700bab-b0fe-4f73-893e-6779879fe3b0,1654560000000,
,,54802433-55ae-45d3-be2d-d5a366254d1d.extra_data.json,0.0,7754807,1546.3691,2022-06-24 21:00:01.321,2022-06-23 21:00:00.663,595.1125,e7FCb+MfnB,com.sec.android.app.shealth,54802433-55ae-45d3-be2d-d5a366254d1d,1656028800000,
,,9cd4af67-a475-4460-9ac8-89b0cd61300f.extra_data.json,0.0,0,1661.4569,2022-01-15 10:11:22.038,2022-01-15 10:11:22.038,0.0,e7FCb+MfnB,com.sec.android.app.shealth,9cd4af67-a475-4460-9ac8-89b0cd61300f,1641600000000,
,,b6124328-a108-4a20-ae22-64e0b2cf4b34.extra_data.json,0.0,6641899,1568.2518,2022-06-13 21:00:01.375,2022-06-12 21:00:00.501,678.6098,e7FCb+MfnB,com.sec.android.app.shealth,b6124328-a108-4a20-ae22-64e0b2cf4b34,1655078400000,
,,7833ca13-b3bc-48d2-88fb-f7ecedf1be49.extra_data.json,0.0,6598474,1569.1057,2022-06-30 21:00:02.560,2022-06-29 21:00:00.435,556.20087,e7FCb+MfnB,com.sec.android.app.shealth,7833ca13-b3bc-48d2-88fb-f7ecedf1be49,1656547200000,
,,3d3264a4-e1bd-4b9a-921a-7f8b303de537.extra_data.json,0.0,0,1698.8489,2022-02-08 15:29:02.368,2022-01-15 10:11:22.115,0.0,e7FCb+MfnB,com.sec.android.app.shealth,3d3264a4-e1bd-4b9a-921a-7f8b303de537,1642118400000,
,,fb3a490b-8fa5-4231-9211-5de6dc1907f9.extra_data.json,0.0,6745959,1566.2057,2022-06-19 21:00:05.787,2022-06-18 21:00:00.597,637.98376,e7FCb+MfnB,com.sec.android.app.shealth,fb3a490b-8fa5-4231-9211-5de6dc1907f9,1655596800000,
,,f1d12dc5-ae40-42f4-8509-03a5cc9bdfdf.extra_data.json,0.0,11051031,1481.5568,2022-07-06 21:00:03.042,2022-07-05 21:00:00.411,871.99536,e7FCb+MfnB,com.sec.android.app.shealth,f1d12dc5-ae40-42f4-8509-03a5cc9bdfdf,1657065600000,
,,4f675d3a-c2fe-4a88-92d7-b91154be0f45.extra_data.json,0.0,10618079,1490.0698,2022-01-21 21:00:01.111,2022-01-20 21:00:00.534,746.15393,e7FCb+MfnB,com.sec.android.app.shealth,4f675d3a-c2fe-4a88-92d7-b91154be0f45,1642723200000,
,,39be7114-8b86-4462-a805-ed51e5a0e796.extra_data.json,0.0,6150152,1577.9209,2022-01-27 21:00:00.652,2022-01-26 21:00:00.491,600.1177,e7FCb+MfnB,com.sec.android.app.shealth,39be7114-8b86-4462-a805-ed51e5a0e796,1643241600000,
,,0c687035-ceec-429a-9c9d-5e784d07ad2d.extra_data.json,0.0,6756957,1565.9894,2022-07-12 21:00:04.006,2022-07-11 21:00:00.600,554.1645,e7FCb+MfnB,com.sec.android.app.shealth,0c687035-ceec-429a-9c9d-5e784d07ad2d,1657584000000,
,,4b19e0f2-348c-47bc-b2ec-18ef890170a8.extra_data.json,0.0,11082093,1480.946,2022-06-25 21:00:01.690,2022-06-24 21:00:00.541,934.0425,e7FCb+MfnB,com.sec.android.app.shealth,4b19e0f2-348c-47bc-b2ec-18ef890170a8,1656115200000,
,,bb0d720d-a11b-4632-aff9-30f62d1e8dd1.extra_data.json,0.0,780645,1683.4993,2022-02-02 21:00:00.941,2022-02-01 21:00:01.875,50.859993,e7FCb+MfnB,com.sec.android.app.shealth,bb0d720d-a11b-4632-aff9-30f62d1e8dd1,1643760000000,
,,73263e46-947e-46b4-8fb5-b9adb2e2d41e.extra_data.json,0.0,10312100,1496.0862,2022-07-18 21:00:04.446,2022-07-17 21:00:01.075,994.7882,e7FCb+MfnB,com.sec.android.app.shealth,73263e46-947e-46b4-8fb5-b9adb2e2d41e,1658102400000,
,,e4f0107b-4db0-4db0-a6f3-2173f86a33a1.extra_data.json,0.0,11919855,1464.4735,2022-07-01 21:00:01.672,2022-06-30 21:00:00.464,956.8509,e7FCb+MfnB,com.sec.android.app.shealth,e4f0107b-4db0-4db0-a6f3-2173f86a33a1,1656633600000,
,,8e296628-8f94-4673-89b7-eeff01ccd1d0.extra_data.json,0.0,10354613,1495.2501,2022-07-24 21:00:01.815,2022-07-23 21:00:00.607,754.98126,e7FCb+MfnB,com.sec.android.app.shealth,8e296628-8f94-4673-89b7-eeff01ccd1d0,1658620800000,
,,14353535-fc78-4370-95e7-6b3e75201678.extra_data.json,0.0,6740463,1566.3138,2022-02-08 21:00:00.657,2022-02-07 21:00:00.441,489.30753,e7FCb+MfnB,com.sec.android.app.shealth,14353535-fc78-4370-95e7-6b3e75201678,1644278400000,
,,f11103c6-d30f-4816-a0be-9a1c5d45d7ec.extra_data.json,0.0,14643333,1410.9227,2022-07-07 21:00:01.896,2022-07-06 21:00:00.581,1206.5424,e7FCb+MfnB,com.sec.android.app.shealth,f11103c6-d30f-4816-a0be-9a1c5d45d7ec,1657152000000,
,,4697fcf9-6e19-4f94-9635-461f526d51ff.extra_data.json,0.0,12439254,1454.2607,2022-02-14 21:00:00.710,2022-02-13 21:00:00.576,976.1604,e7FCb+MfnB,com.sec.android.app.shealth,4697fcf9-6e19-4f94-9635-461f526d51ff,1644796800000,
,,9d1ee9f2-20af-4ce1-a090-01d86086de1c.extra_data.json,0.0,8019361,1541.1674,2022-07-13 21:00:04.865,2022-07-12 21:00:02.106,746.71295,e7FCb+MfnB,com.sec.android.app.shealth,9d1ee9f2-20af-4ce1-a090-01d86086de1c,1657670400000,
,,885d74c7-a509-40f2-97f4-76bc46ca3312.extra_data.json,0.0,9038529,1521.1278,2022-07-30 21:00:07.935,2022-07-29 21:00:00.454,640.28516,e7FCb+MfnB,com.sec.android.app.shealth,885d74c7-a509-40f2-97f4-76bc46ca3312,1659139200000,
,,968c1c17-506e-46d7-b929-4cddc1e92a94.extra_data.json,0.0,7680684,1547.8265,2022-02-20 21:00:00.736,2022-02-19 21:00:02.130,823.1109,e7FCb+MfnB,com.sec.android.app.shealth,968c1c17-506e-46d7-b929-4cddc1e92a94,1645315200000,
,,463ba5f3-594f-4611-a4f0-c7af6200ae62.extra_data.json,0.0,9268159,1516.6127,2022-08-05 21:00:02.881,2022-08-04 21:00:00.717,832.27875,e7FCb+MfnB,com.sec.android.app.shealth,463ba5f3-594f-4611-a4f0-c7af6200ae62,1659657600000,
,,b1bf7a11-2238-4c91-9b0e-4ef0e09627ea.extra_data.json,0.0,8841896,1524.9941,2022-07-19 21:00:01.877,2022-07-18 21:00:00.523,659.95135,e7FCb+MfnB,com.sec.android.app.shealth,b1bf7a11-2238-4c91-9b0e-4ef0e09627ea,1658188800000,
,,f3ef36bc-6a67-4fa5-8449-e712dd6b0589.extra_data.json,0.0,7692891,1547.5867,2022-02-26 21:00:00.822,2022-02-25 21:00:01.119,511.6978,e7FCb+MfnB,com.sec.android.app.shealth,f3ef36bc-6a67-4fa5-8449-e712dd6b0589,1645833600000,
,,212a27dd-b7c0-4155-b808-04bf22ead6ca.extra_data.json,0.0,14222313,1419.2012,2022-08-11 21:00:03.765,2022-08-10 21:00:01.686,1238.0535,e7FCb+MfnB,com.sec.android.app.shealth,212a27dd-b7c0-4155-b808-04bf22ead6ca,1660176000000,
,,c22abf92-28ef-4b39-9b2f-38a1a9283b20.extra_data.json,0.0,8389726,1533.885,2022-03-04 21:00:00.789,2022-03-03 21:00:00.434,555.73,e7FCb+MfnB,com.sec.android.app.shealth,c22abf92-28ef-4b39-9b2f-38a1a9283b20,1646352000000,
,,0a5de23e-05c5-4103-b475-dfe0fae314e9.extra_data.json,0.0,10534892,1491.7053,2022-07-25 21:00:02.263,2022-07-24 21:00:00.756,800.23016,e7FCb+MfnB,com.sec.android.app.shealth,0a5de23e-05c5-4103-b475-dfe0fae314e9,1658707200000,
,,331f7148-d4e6-49d5-8eef-91dd2dd5fc8e.extra_data.json,0.0,10349575,1495.3492,2022-08-17 21:00:02.242,2022-08-16 21:00:00.490,814.9211,e7FCb+MfnB,com.sec.android.app.shealth,331f7148-d4e6-49d5-8eef-91dd2dd5fc8e,1660694400000,
,,f60b8306-7e3c-4027-a7df-e3dfe86eeb40.extra_data.json,0.0,0,1661.4569,2022-01-15 10:11:21.832,2022-01-15 10:11:21.832,0.0,e7FCb+MfnB,com.sec.android.app.shealth,f60b8306-7e3c-4027-a7df-e3dfe86eeb40,1640131200000,
,,e7793382-4a05-46d6-be2c-170de8bb6e9e.extra_data.json,0.0,4509683,1610.1768,2022-03-10 21:00:00.674,2022-03-09 21:00:01.192,288.9325,e7FCb+MfnB,com.sec.android.app.shealth,e7793382-4a05-46d6-be2c-170de8bb6e9e,1646870400000,
,,a2861bc4-6d17-46d8-b3a1-0c5250a05fab.extra_data.json,0.0,0,1661.4569,2022-01-15 10:11:21.845,2022-01-15 10:11:21.845,0.0,e7FCb+MfnB,com.sec.android.app.shealth,a2861bc4-6d17-46d8-b3a1-0c5250a05fab,1640217600000,
,,901bb09f-7b61-4d4e-a9f3-7a04fd883d43.extra_data.json,0.0,0,1661.4569,2022-01-15 10:11:21.913,2022-01-15 10:11:21.913,0.0,e7FCb+MfnB,com.sec.android.app.shealth,901bb09f-7b61-4d4e-a9f3-7a04fd883d43,1640649600000,
,,e2c29799-ef7d-41e4-bba6-23d585ae57b2.extra_data.json,0.0,7068121,1559.8712,2022-07-31 21:00:33.685,2022-07-30 21:00:06.540,634.3319,e7FCb+MfnB,com.sec.android.app.shealth,e2c29799-ef7d-41e4-bba6-23d585ae57b2,1659225600000,
,,30de6a6b-4816-4961-b938-e479ce757526.extra_data.json,0.0,9636753,1509.3652,2022-03-16 21:00:00.425,2022-03-15 21:00:02.717,659.09015,e7FCb+MfnB,com.sec.android.app.shealth,30de6a6b-4816-4961-b938-e479ce757526,1647388800000,
,,acf192ba-e7cb-4b7b-ac0a-3f2395ec9b3f.extra_data.json,0.0,0,1661.4569,2022-01-15 10:11:21.926,2022-01-15 10:11:21.926,0.0,e7FCb+MfnB,com.sec.android.app.shealth,acf192ba-e7cb-4b7b-ac0a-3f2395ec9b3f,1640736000000,
,,02ac7ea5-57ab-4b7d-9452-ce9eafe9fc14.extra_data.json,0.0,0,1661.4569,2022-01-15 10:11:21.988,2022-01-15 10:11:21.988,0.0,e7FCb+MfnB,com.sec.android.app.shealth,02ac7ea5-57ab-4b7d-9452-ce9eafe9fc14,1641168000000,
,,cf761723-5aa8-4084-91ee-327dff61823b.extra_data.json,0.0,12296999,1457.0579,2022-03-22 21:00:01.065,2022-03-21 21:00:00.550,827.6399,e7FCb+MfnB,com.sec.android.app.shealth,cf761723-5aa8-4084-91ee-327dff61823b,1647907200000,
,,d4b198b1-5cf4-41eb-866d-e4602afb6934.extra_data.json,0.0,5923153,1582.3843,2022-08-06 21:00:02.406,2022-08-05 21:00:01.124,416.732,e7FCb+MfnB,com.sec.android.app.shealth,d4b198b1-5cf4-41eb-866d-e4602afb6934,1659744000000,
,,b53a527c-b196-485a-b04d-6c67d5667ae3.extra_data.json,0.0,0,1661.4569,2022-01-15 10:11:21.998,2022-01-15 10:11:21.998,0.0,e7FCb+MfnB,com.sec.android.app.shealth,b53a527c-b196-485a-b04d-6c67d5667ae3,1641254400000,
,,f4c586e8-3566-4570-95cf-2f9c41d8227c.extra_data.json,0.0,15152639,1400.9086,2022-03-28 21:00:00.789,2022-03-27 21:00:00.685,1092.2513,e7FCb+MfnB,com.sec.android.app.shealth,f4c586e8-3566-4570-95cf-2f9c41d8227c,1648425600000,
,,e5f70852-3154-4dd9-ab6b-f99727afa6d4.extra_data.json,0.0,0,1661.4569,2022-01-15 10:11:22.049,2022-01-15 10:11:22.049,0.0,e7FCb+MfnB,com.sec.android.app.shealth,e5f70852-3154-4dd9-ab6b-f99727afa6d4,1641686400000,
,,8b593365-49f4-474b-849f-f81695c07445.extra_data.json,0.0,9962731,1502.9557,2022-04-03 21:00:00.814,2022-04-02 21:00:00.563,716.4684,e7FCb+MfnB,com.sec.android.app.shealth,8b593365-49f4-474b-849f-f81695c07445,1648944000000,
,,f04febfe-376d-49f6-b232-8348d9f270d8.extra_data.json,0.0,9017793,1521.5356,2022-08-12 21:00:02.840,2022-08-11 21:00:00.488,836.27563,e7FCb+MfnB,com.sec.android.app.shealth,f04febfe-376d-49f6-b232-8348d9f270d8,1660262400000,
,,b8c12a91-3829-4783-a3c4-a8cb8288dfc5.extra_data.json,0.0,0,1661.4569,2022-01-15 10:11:22.062,2022-01-15 10:11:22.062,0.0,e7FCb+MfnB,com.sec.android.app.shealth,b8c12a91-3829-4783-a3c4-a8cb8288dfc5,1641772800000,
,,17d69f82-e52c-4187-a531-9a5cedce8ef8.extra_data.json,0.0,7886667,1543.7765,2022-04-09 21:00:01.704,2022-04-08 21:00:01.278,581.95667,e7FCb+MfnB,com.sec.android.app.shealth,17d69f82-e52c-4187-a531-9a5cedce8ef8,1649462400000,
,,6fe83ce7-74f8-4792-a504-f1cfb9f94502.extra_data.json,0.0,7016766,1560.881,2022-08-18 21:00:01.836,2022-08-17 21:00:00.971,502.14175,e7FCb+MfnB,com.sec.android.app.shealth,6fe83ce7-74f8-4792-a504-f1cfb9f94502,1660780800000,
,,c8877511-f7c2-438e-84f9-8ba95723e9e5.extra_data.json,0.0,24227884,1222.4656,2022-01-16 21:00:01.056,2022-01-15 21:00:01.112,1448.476,e7FCb+MfnB,com.sec.android.app.shealth,c8877511-f7c2-438e-84f9-8ba95723e9e5,1642291200000,
,,1a379fae-a0fd-4650-9386-0907e54798cc.extra_data.json,0.0,12917326,1444.8606,2022-04-15 21:00:01.158,2022-04-14 21:00:02.536,907.6089,e7FCb+MfnB,com.sec.android.app.shealth,1a379fae-a0fd-4650-9386-0907e54798cc,1649980800000,
,,0d14d350-8862-4c91-b2e1-94cf7afc2e4a.extra_data.json,0.0,8174612,1538.1147,2022-01-17 21:15:05.368,2022-01-16 21:00:00.972,606.6306,e7FCb+MfnB,com.sec.android.app.shealth,0d14d350-8862-4c91-b2e1-94cf7afc2e4a,1642377600000,
,,28ed65ef-a939-4c2b-ba39-38c2c2ef3df5.extra_data.json,0.0,12408459,1454.8663,2022-01-22 21:02:38.072,2022-01-21 21:00:00.984,844.78296,e7FCb+MfnB,com.sec.android.app.shealth,28ed65ef-a939-4c2b-ba39-38c2c2ef3df5,1642809600000,
,,fedd3316-9f7b-4b2f-b23b-46802a0eb16e.extra_data.json,0.0,4046504,1619.284,2022-04-21 21:00:00.861,2022-04-20 21:00:01.750,289.98,e7FCb+MfnB,com.sec.android.app.shealth,fedd3316-9f7b-4b2f-b23b-46802a0eb16e,1650499200000,
,,777c243c-1ec4-4005-984b-68aca226d22d.extra_data.json,0.0,7619217,1549.0353,2022-01-23 21:00:01.142,2022-01-22 21:00:00.647,528.2006,e7FCb+MfnB,com.sec.android.app.shealth,777c243c-1ec4-4005-984b-68aca226d22d,1642896000000,
,,8eaa8395-9d84-47c0-b142-85170f2b2763.extra_data.json,0.0,8912355,1523.6088,2022-01-28 21:00:00.726,2022-01-27 21:00:00.441,904.97894,e7FCb+MfnB,com.sec.android.app.shealth,8eaa8395-9d84-47c0-b142-85170f2b2763,1643328000000,
,,cd85cc12-da12-4fd6-ab16-5a06f5c9cda4.extra_data.json,0.0,2810574,1643.5856,2022-02-03 21:00:00.405,2022-02-02 21:00:00.837,175.83,e7FCb+MfnB,com.sec.android.app.shealth,cd85cc12-da12-4fd6-ab16-5a06f5c9cda4,1643846400000,
,,292a1a9c-ec81-4dc0-bfa4-69b0e2737284.extra_data.json,0.0,8638529,1528.9929,2022-01-29 21:00:00.696,2022-01-28 21:00:00.500,763.921,e7FCb+MfnB,com.sec.android.app.shealth,292a1a9c-ec81-4dc0-bfa4-69b0e2737284,1643414400000,
,,818dae4f-06e7-443c-bc32-8fe4143197d2.extra_data.json,0.0,4508655,1610.1969,2022-04-27 21:00:00.661,2022-04-26 21:00:00.549,319.87256,e7FCb+MfnB,com.sec.android.app.shealth,818dae4f-06e7-443c-bc32-8fe4143197d2,1651017600000,
,,a8a05e0c-3901-494e-b2ba-a6a3a1e1e7eb.extra_data.json,0.0,10649169,1489.4585,2022-02-09 21:00:00.659,2022-02-08 21:00:00.465,945.9563,e7FCb+MfnB,com.sec.android.app.shealth,a8a05e0c-3901-494e-b2ba-a6a3a1e1e7eb,1644364800000,
,,82f43395-1a9a-4e59-b55a-c61013bae03a.extra_data.json,0.0,6148416,1577.955,2022-02-04 21:00:00.922,2022-02-03 21:00:00.324,617.88403,e7FCb+MfnB,com.sec.android.app.shealth,82f43395-1a9a-4e59-b55a-c61013bae03a,1643932800000,
,,39311317-7802-4289-8de4-159146b482ff.extra_data.json,0.0,7668150,1548.073,2022-05-03 21:00:00.829,2022-05-02 21:00:00.416,826.4756,e7FCb+MfnB,com.sec.android.app.shealth,39311317-7802-4289-8de4-159146b482ff,1651536000000,
,,48f5a461-6486-4e99-98da-09d24abce5b2.extra_data.json,0.0,10815895,1486.1802,2022-02-15 21:00:00.919,2022-02-14 21:00:00.412,850.9909,e7FCb+MfnB,com.sec.android.app.shealth,48f5a461-6486-4e99-98da-09d24abce5b2,1644883200000,
,,fbc19dab-a90c-4615-ae47-955659e4f070.extra_data.json,0.0,13521822,1432.9746,2022-02-10 21:00:00.669,2022-02-09 21:00:00.394,1137.2802,e7FCb+MfnB,com.sec.android.app.shealth,fbc19dab-a90c-4615-ae47-955659e4f070,1644451200000,
,,dc39b3b7-7e52-4099-a130-24881ebafdd4.extra_data.json,0.0,2602857,1647.6699,2022-02-21 21:00:00.616,2022-02-20 21:00:00.464,255.50008,e7FCb+MfnB,com.sec.android.app.shealth,dc39b3b7-7e52-4099-a130-24881ebafdd4,1645401600000,
,,35e0652b-6d87-4cf1-80f5-991b53dfc732.extra_data.json,0.0,9455339,1512.9324,2022-05-09 21:00:00.690,2022-05-08 21:00:00.742,924.0938,e7FCb+MfnB,com.sec.android.app.shealth,35e0652b-6d87-4cf1-80f5-991b53dfc732,1652054400000,
,,32e006a4-7cce-4956-8691-6f43197d4711.extra_data.json,0.0,9700143,1508.1188,2022-02-27 21:00:01.610,2022-02-26 21:00:00.628,650.84985,e7FCb+MfnB,com.sec.android.app.shealth,32e006a4-7cce-4956-8691-6f43197d4711,1645920000000,
,,d7cbc31b-4b9a-4668-8b20-ad35e4c2184d.extra_data.json,0.0,11049094,1481.5948,2022-05-15 21:41:02.070,2022-05-14 21:00:00.569,776.9547,e7FCb+MfnB,com.sec.android.app.shealth,d7cbc31b-4b9a-4668-8b20-ad35e4c2184d,1652572800000,
,,2b49c637-3f5e-4365-82fd-45a92fab5bba.extra_data.json,0.0,7912862,1543.2614,2022-03-05 21:00:00.623,2022-03-04 21:00:00.491,526.9541,e7FCb+MfnB,com.sec.android.app.shealth,2b49c637-3f5e-4365-82fd-45a92fab5bba,1646438400000,
,,3c5db416-0f2f-4bba-9a08-879b193c83c3.extra_data.json,0.0,4694204,1606.5485,2022-02-16 21:00:00.678,2022-02-15 21:00:00.723,501.52313,e7FCb+MfnB,com.sec.android.app.shealth,3c5db416-0f2f-4bba-9a08-879b193c83c3,1644969600000,
,,7635bd57-e26d-4f39-8f2f-238f20583f2b.extra_data.json,0.0,8145613,1538.6848,2022-03-11 21:00:00.488,2022-03-10 21:00:00.496,576.81696,e7FCb+MfnB,com.sec.android.app.shealth,7635bd57-e26d-4f39-8f2f-238f20583f2b,1646956800000,
,,0329e6d1-d18a-4977-a79d-37b92a107512.extra_data.json,0.0,8002244,1541.504,2022-05-21 21:28:10.639,2022-05-20 21:00:00.520,573.63245,e7FCb+MfnB,com.sec.android.app.shealth,0329e6d1-d18a-4977-a79d-37b92a107512,1653091200000,
,,fc2d929e-3019-41b5-af87-9897f54608cb.extra_data.json,0.0,9069848,1520.5121,2022-02-22 21:00:00.941,2022-02-21 21:00:00.400,810.7063,e7FCb+MfnB,com.sec.android.app.shealth,fc2d929e-3019-41b5-af87-9897f54608cb,1645488000000,
,,c957bdd8-af53-4c30-9a21-e759eff0b2f2.extra_data.json,0.0,8005082,1541.4481,2022-05-27 21:00:00.928,2022-05-26 21:00:00.759,587.8433,e7FCb+MfnB,com.sec.android.app.shealth,c957bdd8-af53-4c30-9a21-e759eff0b2f2,1653609600000,
,,ec226290-10e3-4c3c-b5ce-966793447290.extra_data.json,0.0,6744635,1566.2318,2022-03-17 21:00:00.797,2022-03-16 21:00:00.378,481.7647,e7FCb+MfnB,com.sec.android.app.shealth,ec226290-10e3-4c3c-b5ce-966793447290,1647475200000,
,,e729597b-9ad2-4fe9-89cc-452a7e4df542.extra_data.json,0.0,5948505,1581.8857,2022-02-28 21:00:03.666,2022-02-27 21:00:01.389,397.8199,e7FCb+MfnB,com.sec.android.app.shealth,e729597b-9ad2-4fe9-89cc-452a7e4df542,1646006400000,
,,3fd63ec1-d8b4-4f2a-8b12-4b51a00e2552.extra_data.json,0.0,9561013,1510.8544,2022-06-02 21:00:00.826,2022-06-01 21:00:00.615,694.381,e7FCb+MfnB,com.sec.android.app.shealth,3fd63ec1-d8b4-4f2a-8b12-4b51a00e2552,1654128000000,
,,0a955342-34b0-4566-9761-687071153013.extra_data.json,0.0,9399304,1514.034,2022-03-23 21:00:00.782,2022-03-22 21:00:00.921,664.9844,e7FCb+MfnB,com.sec.android.app.shealth,0a955342-34b0-4566-9761-687071153013,1647993600000,
,,958fe6c8-cb34-455a-ba42-d9f146abb117.extra_data.json,0.0,7607479,1549.266,2022-03-06 21:00:00.774,2022-03-05 21:00:00.498,509.97858,e7FCb+MfnB,com.sec.android.app.shealth,958fe6c8-cb34-455a-ba42-d9f146abb117,1646524800000,
,,d8da20be-b72d-4466-ba8c-99b75dd4acfc.extra_data.json,0.0,5143396,1597.7164,2022-06-08 21:00:00.667,2022-06-07 21:00:02.021,378.99396,e7FCb+MfnB,com.sec.android.app.shealth,d8da20be-b72d-4466-ba8c-99b75dd4acfc,1654646400000,
,,c7816566-c210-40d9-9588-af4d7edc1552.extra_data.json,0.0,4387940,1612.5706,2022-03-12 21:00:00.510,2022-03-11 21:00:00.336,296.99,e7FCb+MfnB,com.sec.android.app.shealth,c7816566-c210-40d9-9588-af4d7edc1552,1647043200000,
,,530a3406-4a90-408d-a396-8ae673af2ebf.extra_data.json,0.0,6108083,1578.748,2022-03-29 21:00:00.702,2022-03-28 21:00:00.586,431.5465,e7FCb+MfnB,com.sec.android.app.shealth,530a3406-4a90-408d-a396-8ae673af2ebf,1648512000000,
,,9c32ac12-0b98-4bda-b0f3-476d83c9b77b.extra_data.json,0.0,1117017,1676.8854,2022-06-14 21:00:01.631,2022-06-13 21:00:00.745,77.10001,e7FCb+MfnB,com.sec.android.app.shealth,9c32ac12-0b98-4bda-b0f3-476d83c9b77b,1655164800000,
,,bc249cc1-4a84-4068-bf3d-cb6f7e440750.extra_data.json,0.0,4501845,1610.3308,2022-03-18 21:00:00.575,2022-03-17 21:00:00.585,315.85995,e7FCb+MfnB,com.sec.android.app.shealth,bc249cc1-4a84-4068-bf3d-cb6f7e440750,1647561600000,
,,3b3d729d-b4a1-4fe3-899c-cb05f625af99.extra_data.json,0.0,6370632,1573.5857,2022-04-04 21:00:00.450,2022-04-03 21:00:00.565,440.03888,e7FCb+MfnB,com.sec.android.app.shealth,3b3d729d-b4a1-4fe3-899c-cb05f625af99,1649030400000,
,,e3589682-90e5-46c2-b0a3-1281b97d58d9.extra_data.json,0.0,7696203,1547.5215,2022-03-24 21:00:00.871,2022-03-23 21:00:00.539,543.688,e7FCb+MfnB,com.sec.android.app.shealth,e3589682-90e5-46c2-b0a3-1281b97d58d9,1648080000000,
,,12d99799-2b9e-4980-8bfc-acfa5a468125.extra_data.json,0.0,5024458,1600.0549,2022-06-20 21:00:04.322,2022-06-19 21:00:01.143,485.37637,e7FCb+MfnB,com.sec.android.app.shealth,12d99799-2b9e-4980-8bfc-acfa5a468125,1655683200000,
,,664ac2c5-b22d-4203-bdcd-5d494ced37f9.extra_data.json,0.0,7717291,1547.1069,2022-04-10 21:00:00.728,2022-04-09 21:00:01.410,558.964,e7FCb+MfnB,com.sec.android.app.shealth,664ac2c5-b22d-4203-bdcd-5d494ced37f9,1649548800000,
,,78b84662-a85c-4bba-b4b0-78d8fc13d91e.extra_data.json,0.0,7590801,1549.594,2022-03-30 21:00:00.593,2022-03-29 21:00:00.519,537.0088,e7FCb+MfnB,com.sec.android.app.shealth,78b84662-a85c-4bba-b4b0-78d8fc13d91e,1648598400000,
,,ef1d6b66-66ff-4a4e-a337-be10493bf5ff.extra_data.json,0.0,6101513,1578.8772,2022-06-26 21:00:02.589,2022-06-25 21:00:00.632,661.2295,e7FCb+MfnB,com.sec.android.app.shealth,ef1d6b66-66ff-4a4e-a337-be10493bf5ff,1656201600000,
,,bbfc9385-1a1a-4b2f-b930-d69d6e463f85.extra_data.json,0.0,15573474,1392.6339,2022-04-05 21:19:52.992,2022-04-04 21:00:00.288,1111.6626,e7FCb+MfnB,com.sec.android.app.shealth,bbfc9385-1a1a-4b2f-b930-d69d6e463f85,1649116800000,
,,8ec05f35-899c-4301-a8cc-bcb4f57841ce.extra_data.json,0.0,6383586,1573.3309,2022-07-02 21:00:01.361,2022-07-01 21:00:00.527,431.92996,e7FCb+MfnB,com.sec.android.app.shealth,8ec05f35-899c-4301-a8cc-bcb4f57841ce,1656720000000,
,,9f3b0a4b-e522-40de-916b-883f720a934f.extra_data.json,0.0,4528638,1609.804,2022-04-16 21:00:00.918,2022-04-15 21:00:00.639,343.31616,e7FCb+MfnB,com.sec.android.app.shealth,9f3b0a4b-e522-40de-916b-883f720a934f,1650067200000,
,,37a0f60b-3d09-4091-bda7-d16766af2125.extra_data.json,0.0,11398366,1474.7273,2022-04-11 21:03:22.492,2022-04-10 21:00:00.529,802.54395,e7FCb+MfnB,com.sec.android.app.shealth,37a0f60b-3d09-4091-bda7-d16766af2125,1649635200000,
,,fcfc65aa-a35e-4227-8361-d6b719ab644c.extra_data.json,0.0,8036185,1540.8365,2022-04-22 21:32:47.453,2022-04-21 21:00:00.655,560.75653,e7FCb+MfnB,com.sec.android.app.shealth,fcfc65aa-a35e-4227-8361-d6b719ab644c,1650585600000,
,,71b68e07-3c49-4e9f-b342-ccbaa83c6cda.extra_data.json,0.0,10129501,1499.6764,2022-07-08 21:00:02.418,2022-07-07 21:00:00.496,910.8307,e7FCb+MfnB,com.sec.android.app.shealth,71b68e07-3c49-4e9f-b342-ccbaa83c6cda,1657238400000,
,,bddc2816-93e5-461e-8f35-5cebafd06b17.extra_data.json,0.0,7774309,1545.9856,2022-04-17 21:00:02.582,2022-04-16 21:00:00.639,539.61,e7FCb+MfnB,com.sec.android.app.shealth,bddc2816-93e5-461e-8f35-5cebafd06b17,1650153600000,
,,9b68d261-e0ba-46f7-a688-f2a292f9a934.extra_data.json,0.0,9804047,1506.0758,2022-04-28 21:00:01.127,2022-04-27 21:00:00.466,701.05664,e7FCb+MfnB,com.sec.android.app.shealth,9b68d261-e0ba-46f7-a688-f2a292f9a934,1651104000000,
,,952819ea-50b1-4e71-90f5-59b098b6a553.extra_data.json,0.0,18620195,1332.7274,2022-07-14 21:00:03.988,2022-07-13 21:00:01.177,1473.1528,e7FCb+MfnB,com.sec.android.app.shealth,952819ea-50b1-4e71-90f5-59b098b6a553,1657756800000,
,,9727cb3e-f628-41eb-bab5-8e2896b01d57.extra_data.json,0.0,7986165,1541.82,2022-04-23 21:00:00.698,2022-04-22 21:00:00.551,588.25,e7FCb+MfnB,com.sec.android.app.shealth,9727cb3e-f628-41eb-bab5-8e2896b01d57,1650672000000,
,,efbc5b99-05d0-415f-a7a2-1ca6d6f2b9f4.extra_data.json,0.0,8331502,1535.0298,2022-07-20 21:00:03.612,2022-07-19 21:00:00.967,707.3933,e7FCb+MfnB,com.sec.android.app.shealth,efbc5b99-05d0-415f-a7a2-1ca6d6f2b9f4,1658275200000,
,,1d3cd2e6-04de-486a-9e2c-69c438363da7.extra_data.json,0.0,8224938,1537.1252,2022-04-29 21:00:02.189,2022-04-28 21:00:00.605,614.9344,e7FCb+MfnB,com.sec.android.app.shealth,1d3cd2e6-04de-486a-9e2c-69c438363da7,1651190400000,
,,98588f04-231a-4464-b04f-d6ed02e7513e.extra_data.json,0.0,10235022,1497.6017,2022-05-04 21:00:00.989,2022-05-03 21:00:00.479,982.78705,e7FCb+MfnB,com.sec.android.app.shealth,98588f04-231a-4464-b04f-d6ed02e7513e,1651622400000,
,,55f1516e-e77a-417e-8772-b4cf27c89beb.extra_data.json,0.0,7584936,1549.7092,2022-07-26 21:00:08.251,2022-07-25 21:00:00.684,536.25366,e7FCb+MfnB,com.sec.android.app.shealth,55f1516e-e77a-417e-8772-b4cf27c89beb,1658793600000,
,,04547bb2-9991-49e9-baee-7d1ac61228d8.extra_data.json,0.0,9687725,1508.3629,2022-05-05 21:00:00.661,2022-05-04 21:00:00.526,889.2123,e7FCb+MfnB,com.sec.android.app.shealth,04547bb2-9991-49e9-baee-7d1ac61228d8,1651708800000,
,,f772efe8-9bda-40ce-86eb-d0b98785a60a.extra_data.json,0.0,5684505,1587.0767,2022-05-10 21:00:00.730,2022-05-09 21:00:00.399,389.67993,e7FCb+MfnB,com.sec.android.app.shealth,f772efe8-9bda-40ce-86eb-d0b98785a60a,1652140800000,
,,731fa99e-6c83-4998-8094-1bca709b2b19.extra_data.json,0.0,7138421,1558.4889,2022-05-11 21:00:01.074,2022-05-10 21:00:00.517,511.52298,e7FCb+MfnB,com.sec.android.app.shealth,731fa99e-6c83-4998-8094-1bca709b2b19,1652227200000,
,,ba18ec43-2c85-4a30-894c-c4af88ac23d1.extra_data.json,0.0,8708240,1527.6222,2022-08-01 21:00:01.787,2022-07-31 21:00:00.571,796.54395,e7FCb+MfnB,com.sec.android.app.shealth,ba18ec43-2c85-4a30-894c-c4af88ac23d1,1659312000000,
,,d6333b60-08db-40b6-8435-af7b8396508e.extra_data.json,0.0,14666753,1410.4623,2022-05-16 21:02:37.051,2022-05-15 21:00:00.447,1084.9355,e7FCb+MfnB,com.sec.android.app.shealth,d6333b60-08db-40b6-8435-af7b8396508e,1652659200000,
,,fee1fbca-d27c-4f25-bbd8-b6990d7b120e.extra_data.json,0.0,8765242,1526.5015,2022-05-17 21:00:00.884,2022-05-16 21:00:00.552,604.5094,e7FCb+MfnB,com.sec.android.app.shealth,fee1fbca-d27c-4f25-bbd8-b6990d7b120e,1652745600000,
,,fd2637d5-7042-4588-ae7f-5e790c8dccd5.extra_data.json,0.0,9899387,1504.2012,2022-08-07 21:00:02.523,2022-08-06 21:00:00.995,710.81464,e7FCb+MfnB,com.sec.android.app.shealth,fd2637d5-7042-4588-ae7f-5e790c8dccd5,1659830400000,
,,e3d9bd28-c44b-422f-8c79-4891e9ab6938.extra_data.json,0.0,8833619,1525.157,2022-05-22 21:00:00.799,2022-05-21 21:00:00.414,620.72473,e7FCb+MfnB,com.sec.android.app.shealth,e3d9bd28-c44b-422f-8c79-4891e9ab6938,1653177600000,
,,1ea809d5-5916-4e4f-9465-c7fef6f5d1dc.extra_data.json,0.0,5236263,1595.8903,2022-08-13 21:00:02.366,2022-08-12 21:00:01.414,430.30164,e7FCb+MfnB,com.sec.android.app.shealth,1ea809d5-5916-4e4f-9465-c7fef6f5d1dc,1660348800000,
,,59e7c326-27fe-4707-8b8a-369d8961d5b8.extra_data.json,0.0,7559364,1550.2122,2022-05-23 21:00:02.397,2022-05-22 21:00:00.539,528.061,e7FCb+MfnB,com.sec.android.app.shealth,59e7c326-27fe-4707-8b8a-369d8961d5b8,1653264000000,
,,1a952a82-146d-46af-91ef-7f84cc4d2f49.extra_data.json,0.0,10696372,1488.5304,2022-05-28 21:04:35.730,2022-05-27 21:00:00.705,759.5821,e7FCb+MfnB,com.sec.android.app.shealth,1a952a82-146d-46af-91ef-7f84cc4d2f49,1653696000000,
,,557834f5-f9e6-454d-91ae-b3eed017d0ff.extra_data.json,0.0,8097156,1539.6378,2022-08-19 21:00:01.902,2022-08-18 21:00:00.450,591.6633,e7FCb+MfnB,com.sec.android.app.shealth,557834f5-f9e6-454d-91ae-b3eed017d0ff,1660867200000,
,,b674b59e-9667-426b-8d85-218e54acee53.extra_data.json,0.0,16894864,1366.6519,2022-05-29 21:00:00.826,2022-05-28 21:00:00.418,1199.3547,e7FCb+MfnB,com.sec.android.app.shealth,b674b59e-9667-426b-8d85-218e54acee53,1653782400000,
,,075669c9-e00a-4c42-ad45-cb2fbaf95a7a.extra_data.json,0.0,5654782,1587.6611,2022-06-03 21:00:00.948,2022-06-02 21:00:00.514,396.33994,e7FCb+MfnB,com.sec.android.app.shealth,075669c9-e00a-4c42-ad45-cb2fbaf95a7a,1654214400000,
,,fac9c499-ba7a-40bb-b121-1f608ce3718e.extra_data.json,0.0,9273227,1516.5132,2022-06-04 21:01:54.950,2022-06-03 21:00:00.576,683.61005,e7FCb+MfnB,com.sec.android.app.shealth,fac9c499-ba7a-40bb-b121-1f608ce3718e,1654300800000,
,,57e6b539-7116-4d97-aed8-f32bf461ccbb.extra_data.json,0.0,10538395,1491.6366,2022-06-09 21:00:00.786,2022-06-08 21:00:00.354,970.4607,e7FCb+MfnB,com.sec.android.app.shealth,57e6b539-7116-4d97-aed8-f32bf461ccbb,1654732800000,
,,1cd7cf9e-7316-4f06-a89e-049e634bf6b9.extra_data.json,0.0,10011096,1502.0046,2022-06-10 21:00:00.681,2022-06-09 21:00:00.418,1136.2699,e7FCb+MfnB,com.sec.android.app.shealth,1cd7cf9e-7316-4f06-a89e-049e634bf6b9,1654819200000,
,,6a51399c-b7c1-4ece-b272-79835ee84787.extra_data.json,0.0,10842388,1485.6594,2022-06-15 21:00:02.768,2022-06-14 21:00:01.253,1164.303,e7FCb+MfnB,com.sec.android.app.shealth,6a51399c-b7c1-4ece-b272-79835ee84787,1655251200000,
,,ad6a2a14-d7fc-4acf-a6e5-999dd04d339e.extra_data.json,0.0,13258009,1438.1619,2022-06-16 21:00:02.731,2022-06-15 21:00:02.212,997.1208,e7FCb+MfnB,com.sec.android.app.shealth,ad6a2a14-d7fc-4acf-a6e5-999dd04d339e,1655337600000,
,,9ad59d0d-3b89-4c73-af76-c1071e356561.extra_data.json,0.0,6447364,1572.077,2022-06-21 21:00:01.482,2022-06-20 21:00:00.832,534.94434,e7FCb+MfnB,com.sec.android.app.shealth,9ad59d0d-3b89-4c73-af76-c1071e356561,1655769600000,
,,3ed51891-12b5-4ca2-b629-e6f9f85805da.extra_data.json,0.0,2766019,1644.4618,2022-06-22 21:00:04.072,2022-06-21 21:00:00.636,256.8656,e7FCb+MfnB,com.sec.android.app.shealth,3ed51891-12b5-4ca2-b629-e6f9f85805da,1655856000000,
,,daba75a9-bbb1-42f4-a636-488724217dfc.extra_data.json,0.0,13476950,1433.8569,2022-06-27 21:07:53.164,2022-06-26 21:00:00.685,1051.1079,e7FCb+MfnB,com.sec.android.app.shealth,daba75a9-bbb1-42f4-a636-488724217dfc,1656288000000,
,,670d8fdd-17fd-47ce-aa0a-dddc55a2fefe.extra_data.json,0.0,5884755,1583.1393,2022-07-03 21:01:36.918,2022-07-02 21:00:00.520,416.46,e7FCb+MfnB,com.sec.android.app.shealth,670d8fdd-17fd-47ce-aa0a-dddc55a2fefe,1656806400000,
,,f782f2a9-041f-4292-9444-5909d11c51f9.extra_data.json,0.0,11903760,1464.7899,2022-06-28 21:00:02.152,2022-06-27 21:00:00.525,841.2704,e7FCb+MfnB,com.sec.android.app.shealth,f782f2a9-041f-4292-9444-5909d11c51f9,1656374400000,
,,e98f5c2c-c54a-4e6c-8833-a2b9edd202c6.extra_data.json,0.0,4687923,1606.6721,2022-07-09 21:00:01.645,2022-07-08 21:00:00.944,391.2555,e7FCb+MfnB,com.sec.android.app.shealth,e98f5c2c-c54a-4e6c-8833-a2b9edd202c6,1657324800000,
,,3c0717bb-bd79-4569-aa42-00390947ac93.extra_data.json,0.0,12253479,1457.9136,2022-07-04 21:00:10.013,2022-07-03 21:00:00.462,890.72156,e7FCb+MfnB,com.sec.android.app.shealth,3c0717bb-bd79-4569-aa42-00390947ac93,1656892800000,
,,1f5a378e-f717-47fa-bb42-bca580335783.extra_data.json,0.0,4589284,1608.6117,2022-07-15 21:00:01.523,2022-07-14 21:00:01.375,336.3927,e7FCb+MfnB,com.sec.android.app.shealth,1f5a378e-f717-47fa-bb42-bca580335783,1657843200000,
,,363b6f9c-c4f9-46a4-8a3d-435ca095d970.extra_data.json,0.0,7909525,1543.3269,2022-07-10 21:00:02.444,2022-07-09 21:00:00.423,637.2714,e7FCb+MfnB,com.sec.android.app.shealth,363b6f9c-c4f9-46a4-8a3d-435ca095d970,1657411200000,
,,1fb58aeb-ae35-4f2c-8b51-11e158048c27.extra_data.json,0.0,6670757,1567.6843,2022-07-21 21:00:02.441,2022-07-20 21:00:00.435,632.235,e7FCb+MfnB,com.sec.android.app.shealth,1fb58aeb-ae35-4f2c-8b51-11e158048c27,1658361600000,
,,43f2c610-4a5c-4609-beac-f3535793a3fa.extra_data.json,0.0,4882290,1602.8503,2022-07-27 21:00:04.118,2022-07-26 21:00:06.275,365.7995,e7FCb+MfnB,com.sec.android.app.shealth,43f2c610-4a5c-4609-beac-f3535793a3fa,1658880000000,
,,3d87b79c-e35d-4ed0-9887-30b2aca0a414.extra_data.json,0.0,3176255,1636.3954,2022-07-16 21:00:01.374,2022-07-15 21:00:00.676,214.04997,e7FCb+MfnB,com.sec.android.app.shealth,3d87b79c-e35d-4ed0-9887-30b2aca0a414,1657929600000,
,,ec853f45-b524-4bb1-a1c5-9fae8f8dfec6.extra_data.json,0.0,5536633,1589.9843,2022-07-22 21:00:02.596,2022-07-21 21:00:00.550,404.10086,e7FCb+MfnB,com.sec.android.app.shealth,ec853f45-b524-4bb1-a1c5-9fae8f8dfec6,1658448000000,
,,02bf636d-40fe-4487-9949-314b0682cd36.extra_data.json,0.0,8520909,1531.3055,2022-08-02 21:00:04.562,2022-08-01 21:00:00.551,987.54315,e7FCb+MfnB,com.sec.android.app.shealth,02bf636d-40fe-4487-9949-314b0682cd36,1659398400000,
,,fb8231a1-ec33-416f-a139-de3cd7366d89.extra_data.json,0.0,5434216,1591.998,2022-07-28 21:00:01.528,2022-07-27 21:00:02.339,390.54797,e7FCb+MfnB,com.sec.android.app.shealth,fb8231a1-ec33-416f-a139-de3cd7366d89,1658966400000,
,,7c4c66c4-e746-4695-b9fe-d14061c297d3.extra_data.json,0.0,9222124,1517.5178,2022-08-09 05:27:21.362,2022-08-07 21:00:00.580,850.32983,e7FCb+MfnB,com.sec.android.app.shealth,7c4c66c4-e746-4695-b9fe-d14061c297d3,1659916800000,
,,2dd87fe7-e595-4a15-8d20-50d36f03f675.extra_data.json,0.0,5843809,1583.9443,2022-08-03 21:00:03.387,2022-08-02 21:00:01.266,533.025,e7FCb+MfnB,com.sec.android.app.shealth,2dd87fe7-e595-4a15-8d20-50d36f03f675,1659484800000,
,,51635cd2-e893-4ec4-936f-bfa82f5b9be0.extra_data.json,0.0,3190804,1636.1094,2022-08-14 21:00:01.369,2022-08-13 21:00:00.996,221.76994,e7FCb+MfnB,com.sec.android.app.shealth,51635cd2-e893-4ec4-936f-bfa82f5b9be0,1660435200000,
,,8b4f709a-a628-4c8b-af54-d21052c91b18.extra_data.json,0.0,9062900,1520.6487,2022-08-09 21:00:02.362,2022-08-08 21:00:01.185,750.56384,e7FCb+MfnB,com.sec.android.app.shealth,8b4f709a-a628-4c8b-af54-d21052c91b18,1660003200000,
,,84d4d7cd-2953-4a5b-9f13-efaac01faf50.extra_data.json,0.0,2659672,1646.5527,2022-08-20 21:00:02.168,2022-08-19 21:00:00.697,187.48003,e7FCb+MfnB,com.sec.android.app.shealth,84d4d7cd-2953-4a5b-9f13-efaac01faf50,1660953600000,
,,0242c352-07be-41c0-9cf3-8cbfa0354389.extra_data.json,0.0,4639074,1607.6326,2022-08-15 21:31:35.821,2022-08-14 21:00:00.613,337.3963,e7FCb+MfnB,com.sec.android.app.shealth,0242c352-07be-41c0-9cf3-8cbfa0354389,1660521600000,
,,f8db6bec-7bca-4dc4-933d-24763d8e50c5.extra_data.json,0.0,85376,689.2707,2022-08-21 06:45:40.303,2022-08-20 21:00:00.955,4.799999,e7FCb+MfnB,com.sec.android.app.shealth,f8db6bec-7bca-4dc4-933d-24763d8e50c5,1661040000000,
