com.samsung.shealth.exercise.weather,6221053,3
uv_index,sunset_time,start_time,latitude,custom,wind_direction,phrase,sundown_time,temperature_scale,content_provider,update_time,create_time,type,longitude,temperature,humidity,time_offset,deviceuuid,exercise_id,pkg_name,wind_speed_unit,forecast_time,wind_speed,icon_info_id,datauuid
,0,2022-01-24 08:58:26.873,36.90708,,NNW. 340,Fair,0,1,TWC,2022-01-24 08:58:26.875,2022-01-24 08:58:26.875,1,30.657347,8.0,19,UTC+0300,e7FCb+MfnB,cbb4f74a-a592-4b28-bfa5-32338280b1bf,com.sec.android.app.shealth,km/h,0,3.0,1,1a425efc-ad41-42a1-8be5-54cf69d0a234,
,0,2022-01-28 10:06:08.973,36.922997,,NNW. 330,Fair,0,1,TWC,2022-01-28 10:06:08.975,2022-01-28 10:06:08.975,1,30.683529,11.0,18,UTC+0300,e7FCb+MfnB,519e2c8e-da20-42d2-ad79-5f468744d46d,com.sec.android.app.shealth,km/h,0,5.0,1,a27b77d3-7289-43bb-bc87-27816e2d3e33,
,0,2022-01-30 13:14:24.214,36.911484,,N. 0,Light Rain Shower,0,1,TWC,2022-01-30 13:14:24.217,2022-01-30 13:14:24.217,1,30.68927,11.0,66,UTC+0300,e7FCb+MfnB,37f9d0f8-9cf4-41e7-9ca3-d82a2084a1aa,com.sec.android.app.shealth,km/h,0,11.0,5,5b324694-cf6b-4769-a936-be156cfecfc4,
,0,2022-02-06 11:42:05.267,36.876286,,S. 170,Partly Cloudy,0,1,TWC,2022-02-06 11:42:05.268,2022-02-06 11:42:05.268,1,30.661396,16.0,34,UTC+0300,e7FCb+MfnB,049d937f-97a9-44f4-bf69-b9cf7a7d53cc,com.sec.android.app.shealth,km/h,0,3.0,2,101f657a-fa23-433d-8b75-3a5cb845e5de,
,0,2022-02-10 19:15:05.352,36.923008,,N. 350,Fair,0,1,TWC,2022-02-10 19:15:05.356,2022-02-10 19:15:05.356,1,30.68353,9.0,26,UTC+0300,e7FCb+MfnB,122261d2-369c-4a9d-a70e-f62466900146,com.sec.android.app.shealth,km/h,0,5.0,18,f17f47d7-8fb4-4803-b991-24ec10780dd7,
,0,2022-02-12 14:05:54.466,36.88614,,SSE. 150,Fair,0,1,TWC,2022-02-12 14:05:54.468,2022-02-12 14:05:54.468,1,30.70196,16.0,55,UTC+0300,e7FCb+MfnB,d0ddde1b-6f14-4ac9-a073-6f83e70fa91f,com.sec.android.app.shealth,km/h,0,8.0,1,a26dc42c-4bf1-481d-a2e5-49d9be2b2449,
,0,2022-02-15 10:00:20.724,36.922928,,N. 0,Fair,0,1,TWC,2022-02-15 10:00:20.727,2022-02-15 10:00:20.727,1,30.683672,17.0,28,UTC+0300,e7FCb+MfnB,d07c3d82-4efb-44ce-9926-ec0630bdd562,com.sec.android.app.shealth,km/h,0,3.0,1,36436bdb-7fc6-4d8e-a81e-6c9e1f885003,
,0,2022-02-17 13:59:43.032,36.922863,,SSE. 160,Fair,0,1,TWC,2022-02-17 13:59:43.036,2022-02-17 13:59:43.036,1,30.683609,16.0,41,UTC+0300,e7FCb+MfnB,da15fab6-347f-40f1-9a08-c1568ed69bc8,com.sec.android.app.shealth,km/h,0,5.0,1,ecd5f0c0-4749-44c1-9979-18b0db6df5bc,
,0,2022-02-25 13:49:00.052,36.922928,,NNW. 340,Fair,0,1,TWC,2022-02-25 13:49:00.055,2022-02-25 13:49:00.055,1,30.683537,17.0,35,UTC+0300,e7FCb+MfnB,67ecbbae-bded-4ab5-bf78-44e142e81cc2,com.sec.android.app.shealth,km/h,0,5.0,1,0e8e3953-ff05-41a3-b84d-f5a0e1843808,
,0,2022-04-02 22:35:02.227,41.08673,,SW. 220,Fair,0,1,TWC,2022-04-02 22:35:02.231,2022-04-02 22:35:02.231,1,29.043844,16.0,54,UTC+0300,e7FCb+MfnB,365a52d8-3de5-45ed-8045-9998c1cb0ccc,com.sec.android.app.shealth,km/h,0,27.0,18,ff318b8e-5483-43af-9fc0-9e2965a46b9d,
,0,2022-05-03 12:50:37.700,36.92289,,SSE. 150,Partly Cloudy,0,1,TWC,2022-05-03 12:50:37.702,2022-05-03 12:50:37.702,1,30.683624,23.0,54,UTC+0300,e7FCb+MfnB,33229b98-5232-43da-adac-93a0c34d2fcb,com.sec.android.app.shealth,km/h,0,3.0,2,e3ee424b-858f-4440-8e26-1bca6e86d96a,
,0,2022-05-06 11:25:21.081,36.92294,,N. 0,Fair,0,1,TWC,2022-05-06 11:25:21.084,2022-05-06 11:25:21.084,1,30.683638,26.0,21,UTC+0300,e7FCb+MfnB,ec714bf8-fea5-4258-88c8-291bd08b9539,com.sec.android.app.shealth,km/h,0,29.0,1,1fef6c6b-f0d7-486b-8147-cad113256aac,
,0,2022-05-08 14:45:35.966,36.922886,,E. 80,Fair,0,1,TWC,2022-05-08 14:45:35.969,2022-05-08 14:45:35.969,1,30.683537,22.0,44,UTC+0300,e7FCb+MfnB,11707ccc-219d-44a4-baf0-36a98d82d202,com.sec.android.app.shealth,km/h,0,11.0,1,ad233a39-f2ba-4029-b6b7-1853437cac45,
,0,2022-05-28 08:59:11.056,41.0798,,NNE. 30,Fair,0,1,TWC,2022-05-28 08:59:11.059,2022-05-28 08:59:11.059,1,29.033123,26.0,47,UTC+0300,e7FCb+MfnB,fe767d04-a3da-4f35-ae2a-84b484da0484,com.sec.android.app.shealth,km/h,0,5.0,1,6a78b286-02ff-4286-97c5-346fe8f01855,
,0,2022-06-09 10:34:20.778,36.907875,,SE. 140,Fair,0,1,TWC,2022-06-09 10:34:20.784,2022-06-09 10:34:20.784,1,30.662096,27.0,68,UTC+0300,e7FCb+MfnB,3637e537-5181-474c-afe8-4d0415938e80,com.sec.android.app.shealth,km/h,0,10.0,1,eb4890b8-f3fa-44bd-ae75-a865948191f6,
,0,2022-06-11 14:55:46.299,36.87708,,ESE. 120,Fair,0,1,TWC,2022-06-11 14:55:46.300,2022-06-11 14:55:46.300,1,30.660746,26.0,66,UTC+0300,e7FCb+MfnB,4294d84b-3348-4ffe-81da-cd7bfd8472b7,com.sec.android.app.shealth,km/h,0,18.0,1,01b71842-837a-4dd8-a62e-08b7f84abef1,
,0,2022-06-16 11:06:30.610,36.885677,,SSE. 150,Fair,0,1,TWC,2022-06-16 11:06:30.615,2022-06-16 11:06:30.615,1,30.702122,29.0,53,UTC+0300,e7FCb+MfnB,a7d2a942-5aec-4b32-af09-81d0e4282f96,com.sec.android.app.shealth,km/h,0,5.0,1,a8f4aa08-2f61-47d2-82a5-d377b32a3b48,
,0,2022-06-18 17:30:03.599,36.888145,,ESE. 110,Fair,0,1,TWC,2022-06-18 17:30:03.602,2022-06-18 17:30:03.602,1,30.674826,28.0,53,UTC+0300,e7FCb+MfnB,6646fe4a-04d0-4cdc-8094-2deeee70705e,com.sec.android.app.shealth,km/h,0,3.0,18,b27093dd-6f43-4207-a354-c02900f2c590,
,0,2022-06-21 14:50:52.262,36.876297,,ESE. 120,Fair,0,1,TWC,2022-06-21 14:50:52.265,2022-06-21 14:50:52.265,1,30.661686,28.0,45,UTC+0300,e7FCb+MfnB,02725453-754e-4be4-80ef-73be0f8a526d,com.sec.android.app.shealth,km/h,0,11.0,1,f1c14197-8acb-473e-8f4c-ec13c5a55fc5,
,0,2022-06-26 17:39:29.519,41.07817,,NNE. 20,Partly Cloudy,0,1,TWC,2022-06-26 17:39:29.521,2022-06-26 17:39:29.521,1,29.013697,22.0,63,UTC+0300,e7FCb+MfnB,7d8a1995-59bc-4418-9342-8e18a6fe49f7,com.sec.android.app.shealth,km/h,0,0.0,2,300b0fe9-da6a-4ce8-bef6-6d70e1077d46,
,0,2022-06-29 17:15:48.159,41.076073,,NNE. 30,Fair,0,1,TWC,2022-06-29 17:15:48.161,2022-06-29 17:15:48.161,1,29.013945,22.0,77,UTC+0300,e7FCb+MfnB,6da2b9e0-06b7-4a23-a3c4-e3beddac8e98,com.sec.android.app.shealth,km/h,0,21.0,1,32694419-d6db-470a-b5e7-3601dbd7a579,
,0,2022-07-04 18:23:48.974,41.10505,,NE. 50,Fair,0,1,TWC,2022-07-04 18:23:48.976,2022-07-04 18:23:48.976,1,29.056751,22.0,73,UTC+0300,e7FCb+MfnB,1fbb2466-0685-4aa8-a3b0-c2cf03bcf955,com.sec.android.app.shealth,km/h,0,3.0,18,4f6c2170-eeaa-4c6f-bfa5-c43de9d41799,
,0,2022-07-08 11:28:32.472,41.08825,,NW. 320,Partly Cloudy,0,1,TWC,2022-07-08 11:28:32.475,2022-07-08 11:28:32.475,1,29.04385,25.0,73,UTC+0300,e7FCb+MfnB,b81ac84f-0535-47a8-8398-e6a13f356af2,com.sec.android.app.shealth,km/h,0,5.0,2,fd3c9c5c-f041-4a5f-b336-8439ad83d379,
,0,2022-07-13 15:26:56.870,41.08819,,NNW. 340,Fair,0,1,TWC,2022-07-13 15:26:56.872,2022-07-13 15:26:56.872,1,29.043804,24.0,65,UTC+0300,e7FCb+MfnB,ea1a8ae9-f031-422b-b537-7de1d8cb47dd,com.sec.android.app.shealth,km/h,0,5.0,1,539c07fe-7063-4d5f-969e-df5c521214dc,
,0,2022-07-14 14:43:00.623,40.99396,,NE. 50,Fair,0,1,TWC,2022-07-14 14:43:00.626,2022-07-14 14:43:00.626,1,29.026123,27.0,40,UTC+0300,e7FCb+MfnB,3aa4e117-4656-4268-ab98-503fc29c2776,com.sec.android.app.shealth,km/h,0,31.0,1,8d119302-57de-4dea-9f90-144f85c3fe37,
,0,2022-07-17 13:18:14.981,41.088173,,NW. 310,Fair,0,1,TWC,2022-07-17 13:18:14.983,2022-07-17 13:18:14.983,1,29.043827,27.0,58,UTC+0300,e7FCb+MfnB,5559109f-faf2-4ff6-a1fc-06b7f951e571,com.sec.android.app.shealth,km/h,0,3.0,1,ee010b96-0349-4a61-ba03-2f2ccb70e8fa,
,0,2022-07-23 12:54:20.540,41.088226,,ENE. 70,Fair,0,1,TWC,2022-07-23 12:54:20.543,2022-07-23 12:54:20.543,1,29.04383,30.0,34,UTC+0300,e7FCb+MfnB,09a1eb0a-e5ff-4fcc-a8e9-30b9da829732,com.sec.android.app.shealth,km/h,0,3.0,1,b8173d36-a506-486b-ae19-acef3784be0b,
,0,2022-08-03 17:23:16.202,41.08819,,N. 0,Fair,0,1,TWC,2022-08-03 17:23:16.206,2022-08-03 17:23:16.206,1,29.043835,24.0,76,UTC+0300,e7FCb+MfnB,35bd6793-206d-4398-9fd6-8255cbf17e62,com.sec.android.app.shealth,km/h,0,8.0,18,4e41cc58-497a-414f-9ba4-61d171a2b3f6,
,0,2022-08-08 16:21:39.143,41.086945,,N. 0,Fair,0,1,TWC,2022-08-08 16:21:39.147,2022-08-08 16:21:39.147,1,29.04389,26.0,77,UTC+0300,e7FCb+MfnB,46b1c9fc-6f4b-4090-aeba-6cccdc2df74a,com.sec.android.app.shealth,km/h,0,3.0,1,b0eae0bb-3fab-45e4-aaee-f11eeeb76417,
,0,2022-08-13 16:24:21.929,41.087883,,E. 80,Partly Cloudy,0,1,TWC,2022-08-13 16:24:21.932,2022-08-13 16:24:21.932,1,29.043743,25.0,74,UTC+0300,e7FCb+MfnB,d182eae0-f9e1-4a11-b208-1c09a12e2081,com.sec.android.app.shealth,km/h,0,5.0,2,ad6f17cf-ddba-4bc3-b6b4-754669ba3d1e,
,0,2022-01-24 14:45:09.878,36.883556,,SE. 140,Fair,0,1,TWC,2022-01-24 14:45:09.880,2022-01-24 14:45:09.880,1,30.662914,9.0,22,UTC+0300,e7FCb+MfnB,1fbb2d1e-3e05-4677-bdf9-64e30c708ffd,com.sec.android.app.shealth,km/h,0,3.0,1,ddd858fd-a58b-451e-b235-064cf1a55ad0,
,0,2022-01-28 13:32:32.979,36.92294,,N. 0,Fair,0,1,TWC,2022-01-28 13:32:32.980,2022-01-28 13:32:32.980,1,30.683613,12.0,18,UTC+0300,e7FCb+MfnB,a929b249-f353-45a6-ba63-774796da55c7,com.sec.android.app.shealth,km/h,0,2.0,1,ef5049b4-d0d9-4e74-a45e-427ff37c19d8,
,0,2022-01-25 12:45:36.717,36.92287,,N. 350,Partly Cloudy,0,1,TWC,2022-01-25 12:45:36.718,2022-01-25 12:45:36.718,1,30.683592,7.0,57,UTC+0300,e7FCb+MfnB,2c7e86d7-56e4-4dc4-8409-b18ede14658b,com.sec.android.app.shealth,km/h,0,2.0,2,e5ea735f-a9e8-4290-a0f5-a2090795e7b3,
,0,2022-01-26 12:36:46.632,36.923058,,NNW. 340,Partly Cloudy,0,1,TWC,2022-01-26 12:36:46.633,2022-01-26 12:36:46.633,1,30.68355,8.0,32,UTC+0300,e7FCb+MfnB,50601304-7ebb-4435-8c84-1da48e555ab2,com.sec.android.app.shealth,km/h,0,10.0,2,da9b7f7c-f3cc-439c-b2b0-5efb41badb9a,
,0,2022-01-31 11:06:36.812,36.92301,,N. 350,Light Rain Shower,0,1,TWC,2022-01-31 11:06:36.815,2022-01-31 11:06:36.815,1,30.683502,8.0,82,UTC+0300,e7FCb+MfnB,edcd2761-341c-4db3-9a15-74448efc2f6e,com.sec.android.app.shealth,km/h,0,3.0,5,1fd3bc58-5d15-4ba4-b7cc-e4a13b1d6e67,
,0,2022-01-29 14:06:47.044,36.922916,,SSE. 150,Partly Cloudy,0,1,TWC,2022-01-29 14:06:47.046,2022-01-29 14:06:47.046,1,30.683573,12.0,34,UTC+0300,e7FCb+MfnB,b8cb7fdb-180a-4f18-844a-f20f2324a4f9,com.sec.android.app.shealth,km/h,0,5.0,2,4f0cffb4-8d30-4ac7-8621-e5599ec1146e,
,0,2022-01-29 12:26:23.658,36.922962,,SSE. 160,Partly Cloudy,0,1,TWC,2022-01-29 12:26:23.660,2022-01-29 12:26:23.660,1,30.683626,13.0,27,UTC+0300,e7FCb+MfnB,645ee3b6-bf48-48cb-9e43-0e68141035e9,com.sec.android.app.shealth,km/h,0,2.0,2,d40b574c-ea5b-4831-8893-554a2c2e5e38,
,0,2022-02-06 14:34:52.915,36.9229,,SSE. 160,Partly Cloudy,0,1,TWC,2022-02-06 14:34:52.917,2022-02-06 14:34:52.917,1,30.68364,14.0,45,UTC+0300,e7FCb+MfnB,8b6be628-2c21-4828-b055-dd436e75d8b6,com.sec.android.app.shealth,km/h,0,3.0,2,0e4bf083-825f-4726-8df2-8453a92f8081,
,0,2022-02-01 09:51:41.659,36.92288,,ESE. 120,Partly Cloudy,0,1,TWC,2022-02-01 09:51:41.661,2022-02-01 09:51:41.661,1,30.683586,12.0,53,UTC+0300,e7FCb+MfnB,8e65d09e-5ba3-4322-bef6-f43fea176fd7,com.sec.android.app.shealth,km/h,0,3.0,2,9858afdf-a594-450b-8401-f70a193d1554,
,0,2022-02-11 13:24:19.127,36.851353,,S. 190,Fair,0,1,TWC,2022-02-11 13:24:19.130,2022-02-11 13:24:19.130,1,30.780163,16.0,43,UTC+0300,e7FCb+MfnB,aba82771-6b80-4394-9022-17ac3596e1fb,com.sec.android.app.shealth,km/h,0,14.0,1,86405b87-2999-4196-9f85-651634ef1d01,
,0,2022-02-09 13:18:12.268,36.92293,,NNW. 340,Mostly Cloudy,0,1,TWC,2022-02-09 13:18:12.271,2022-02-09 13:18:12.271,1,30.683516,13.0,34,UTC+0300,e7FCb+MfnB,2aea5782-fd03-477d-8c94-8f781e06823a,com.sec.android.app.shealth,km/h,0,8.0,3,dfd784f8-5024-4d29-b098-135cf18502e0,
,0,2022-02-12 14:27:39.255,36.892242,,SSE. 150,Fair,0,1,TWC,2022-02-12 14:27:39.258,2022-02-12 14:27:39.258,1,30.699022,16.0,55,UTC+0300,e7FCb+MfnB,a9be59e5-e11e-4437-ac64-126bb64df4cb,com.sec.android.app.shealth,km/h,0,5.0,1,9620a9e8-5451-4cae-b85e-df254aa8be13,
,0,2022-01-31 14:56:22.535,36.922955,,N. 0,Partly Cloudy,0,1,TWC,2022-01-31 14:56:22.538,2022-01-31 14:56:22.538,1,30.683455,11.0,54,UTC+0300,e7FCb+MfnB,802e88c7-674b-4a95-88a7-d7efb30b4ba5,com.sec.android.app.shealth,km/h,0,3.0,2,89b5bd9c-e08b-4a6e-a22c-fec5e5b5ad7d,
,0,2022-02-12 11:43:17.571,36.88565,,SSE. 160,Fair,0,1,TWC,2022-02-12 11:43:17.578,2022-02-12 11:43:17.578,1,30.674917,17.0,47,UTC+0300,e7FCb+MfnB,274f17a8-aea1-4e75-be81-a143e2f6757c,com.sec.android.app.shealth,km/h,0,5.0,1,e35bfbd4-c12e-4167-b0d6-3f34e82a3f53,
,0,2022-02-15 10:00:20.731,36.922928,,N. 0,Fair,0,1,TWC,2022-02-15 10:00:20.732,2022-02-15 10:00:20.732,1,30.683672,17.0,28,UTC+0300,e7FCb+MfnB,85ed78d6-60fc-4898-a97b-39c674ec4260,com.sec.android.app.shealth,km/h,0,3.0,1,0ca72f12-70eb-445c-94e3-ea9a968e03fa,
,0,2022-02-13 10:40:45.529,36.871357,,SSE. 160,Fair,0,1,TWC,2022-02-13 10:40:45.531,2022-02-13 10:40:45.531,1,30.633099,17.0,49,UTC+0300,e7FCb+MfnB,0ae08497-70dc-410d-92d4-af838b5b5e3f,com.sec.android.app.shealth,km/h,0,3.0,1,a39a5d94-a8e7-4065-91a7-5bf16f1235cd,
,0,2022-02-20 10:57:32.212,36.92285,,S. 180,Fair,0,1,TWC,2022-02-20 10:57:32.214,2022-02-20 10:57:32.214,1,30.683544,18.0,35,UTC+0300,e7FCb+MfnB,89624139-a44e-4dbc-a519-761d76e49905,com.sec.android.app.shealth,km/h,0,3.0,1,c3daf5e9-75fc-4cb9-88b3-3e8d5375aa3f,
,0,2022-02-07 12:43:25.477,36.92286,,S. 170,Partly Cloudy,0,1,TWC,2022-02-07 12:43:25.478,2022-02-07 12:43:25.478,1,30.683647,16.0,37,UTC+0300,e7FCb+MfnB,d079607e-58b7-4088-aef6-ccd94a05081c,com.sec.android.app.shealth,km/h,0,3.0,2,0526f89a-9b42-4145-9b7a-3e7fef76c2ef,
,0,2022-02-15 13:01:34.239,36.862606,,S. 180,Fair,0,1,TWC,2022-02-15 13:01:34.242,2022-02-15 13:01:34.242,1,30.636114,17.0,35,UTC+0300,e7FCb+MfnB,fa8e4216-736e-4849-8949-89e5fb354529,com.sec.android.app.shealth,km/h,0,3.0,1,44b8cc6f-8a83-4fed-8d04-26b80f09a42f,
,0,2022-03-07 10:41:33.713,41.086704,,NW. 310,Mostly Cloudy,0,1,TWC,2022-03-07 10:41:33.723,2022-03-07 10:41:33.723,1,29.043816,6.0,83,UTC+0300,e7FCb+MfnB,b60509bc-6f25-4958-8877-7dfdb6f28791,com.sec.android.app.shealth,km/h,0,2.0,3,30555bbc-5f20-47f4-9320-a1fbc7754459,
,0,2022-02-21 11:28:39.398,36.922535,,SSE. 160,Mostly Cloudy,0,1,TWC,2022-02-21 11:28:39.401,2022-02-21 11:28:39.401,1,30.683863,18.0,55,UTC+0300,e7FCb+MfnB,cda581e9-d5f5-46bd-bee9-ff00f905c662,com.sec.android.app.shealth,km/h,0,2.0,3,1276506c-7847-4672-9815-ca7227a4fa0a,
,0,2022-04-09 13:53:39.489,41.075222,,SSW. 200,Fair,0,1,TWC,2022-04-09 13:53:39.495,2022-04-09 13:53:39.495,1,29.017946,24.0,32,UTC+0300,e7FCb+MfnB,3c2948b1-c2d0-4493-97bc-3d852c18786e,com.sec.android.app.shealth,km/h,0,13.0,1,bec79137-d21e-465c-8a2b-69e434e0eef6,
,0,2022-03-28 09:49:47.432,41.080853,,WNW. 300,Fog,0,1,TWC,2022-03-28 09:49:47.436,2022-03-28 09:49:47.436,1,29.035347,15.0,49,UTC+0300,e7FCb+MfnB,6b6db811-2ad1-42c9-ad63-f8eeed042343,com.sec.android.app.shealth,km/h,0,2.0,4,ec9eadf6-2425-44e2-ba5a-17b56c6a2386,
,0,2022-05-03 15:39:24.996,36.92295,,ESE. 120,Partly Cloudy,0,1,TWC,2022-05-03 15:39:24.998,2022-05-03 15:39:24.998,1,30.683634,22.0,64,UTC+0300,e7FCb+MfnB,9181fa98-86e9-4167-8128-c2fe49c46358,com.sec.android.app.shealth,km/h,0,5.0,2,639bb7a1-a00a-411a-bf38-03cac55514e2,
,0,2022-02-11 14:10:29.486,36.849003,,S. 180,Fair,0,1,TWC,2022-02-11 14:10:29.487,2022-02-11 14:10:29.487,1,30.77479,16.0,45,UTC+0300,e7FCb+MfnB,29aa7dbc-95bb-48c3-a951-ac16ec2b6eb0,com.sec.android.app.shealth,km/h,0,13.0,1,9aa6bb4f-c1f2-4bf9-a96f-89e942763e78,
,0,2022-05-07 09:58:45.337,36.923035,,N. 350,Fair,0,1,TWC,2022-05-07 09:58:45.339,2022-05-07 09:58:45.339,1,30.68354,25.0,18,UTC+0300,e7FCb+MfnB,33a7737c-39e7-4cd0-aa51-ed247be29c1b,com.sec.android.app.shealth,km/h,0,5.0,1,679be36c-66ac-4d21-8967-29059ec67533,
,0,2022-04-30 17:34:22.075,36.92296,,W. 280,Mostly Cloudy,0,1,TWC,2022-04-30 17:34:22.077,2022-04-30 17:34:22.077,1,30.68362,24.0,34,UTC+0300,e7FCb+MfnB,d597e124-2414-4f7f-ac39-9dce7e27788f,com.sec.android.app.shealth,km/h,0,8.0,3,f0ea240a-d667-437e-97ae-604f2d3bb755,
,0,2022-05-05 12:22:32.833,36.90737,,NNW. 330,Partly Cloudy,0,1,TWC,2022-05-05 12:22:32.835,2022-05-05 12:22:32.835,1,30.656343,24.0,18,UTC+0300,e7FCb+MfnB,f98200df-58b3-4704-8422-0cd080eb16fc,com.sec.android.app.shealth,km/h,0,8.0,2,a045303a-2aa4-46a9-ba17-fb0c121b0e25,
,0,2022-05-08 15:17:49.485,36.85074,,E. 80,Fair,0,1,TWC,2022-05-08 15:17:49.487,2022-05-08 15:17:49.487,1,30.622555,22.0,52,UTC+0300,e7FCb+MfnB,e2d13feb-f8de-4986-86f4-99252842ed3f,com.sec.android.app.shealth,km/h,0,11.0,1,808da38d-1568-46ca-8bc1-de3911016edf,
,0,2022-02-13 09:56:20.728,36.92257,,SSE. 160,Fair,0,1,TWC,2022-02-13 09:56:20.730,2022-02-13 09:56:20.730,1,30.669071,16.0,45,UTC+0300,e7FCb+MfnB,110d5261-bdfb-4c28-ac62-39f6799477c9,com.sec.android.app.shealth,km/h,0,3.0,1,2b8a363e-96a6-456c-9f1c-f1b2ba228cbd,
,0,2022-05-07 14:17:44.196,36.922997,,SE. 140,Fair,0,1,TWC,2022-05-07 14:17:44.197,2022-05-07 14:17:44.197,1,30.683577,23.0,32,UTC+0300,e7FCb+MfnB,32ddef2b-83bb-4338-82f7-ce53e85bac8a,com.sec.android.app.shealth,km/h,0,10.0,1,1915b105-bfad-4b81-9cc3-5e3b5587fdc9,
,0,2022-05-09 13:31:36.594,36.92291,,ENE. 70,Partly Cloudy,0,1,TWC,2022-05-09 13:31:36.597,2022-05-09 13:31:36.597,1,30.683563,23.0,44,UTC+0300,e7FCb+MfnB,6cd49bdf-7dd5-4a3d-97af-c5eafd3be83c,com.sec.android.app.shealth,km/h,0,8.0,2,b331e430-ff0a-4899-a6e8-f70b41a0feb2,
,0,2022-02-15 10:56:03.716,36.873734,,N. 350,Fair,0,1,TWC,2022-02-15 10:56:03.718,2022-02-15 10:56:03.718,1,30.64248,18.0,29,UTC+0300,e7FCb+MfnB,32a4836e-bbc0-4898-a551-46cdc738d7d6,com.sec.android.app.shealth,km/h,0,2.0,1,ad3c5543-ddeb-4bcc-815f-e653039e5b46,
,0,2022-02-20 13:13:31.873,36.922886,,SSE. 160,Fair,0,1,TWC,2022-02-20 13:13:31.875,2022-02-20 13:13:31.875,1,30.683609,17.0,39,UTC+0300,e7FCb+MfnB,03a85ae0-d76b-48fc-9659-e3c93b95df65,com.sec.android.app.shealth,km/h,0,5.0,1,cedf8e7b-d7f1-46dd-b134-420c713709d3,
,0,2022-05-28 09:15:07.735,41.084805,,NNE. 30,Fair,0,1,TWC,2022-05-28 09:15:07.736,2022-05-28 09:15:07.736,1,29.04441,26.0,47,UTC+0300,e7FCb+MfnB,5e7145dc-40bf-4e96-9d2f-71d7fd12b155,com.sec.android.app.shealth,km/h,0,5.0,1,08264d39-a18b-4b0c-a800-32ea2566810a,
,0,2022-03-07 14:17:51.691,41.11066,,N. 10,Mostly Cloudy,0,1,TWC,2022-03-07 14:17:51.693,2022-03-07 14:17:51.693,1,29.032482,6.0,81,UTC+0300,e7FCb+MfnB,16a5e02f-9d2e-4e21-8c87-4510e5ba1b42,com.sec.android.app.shealth,km/h,0,16.0,3,b1e80102-6b39-4529-9244-3d91e27625dd,
,0,2022-06-09 11:48:00.056,36.92295,,SE. 140,Fair,0,1,TWC,2022-06-09 11:48:00.059,2022-06-09 11:48:00.059,1,30.683561,27.0,66,UTC+0300,e7FCb+MfnB,795799c5-d4ec-4cf3-99e0-9e35de640dc1,com.sec.android.app.shealth,km/h,0,8.0,1,df97486e-b9dc-440b-857f-81f0a1e0ca6b,
,0,2022-05-31 19:21:37.473,41.087055,,ENE. 70,Fair,0,1,TWC,2022-05-31 19:21:37.475,2022-05-31 19:21:37.475,1,29.043505,20.0,76,UTC+0300,e7FCb+MfnB,6f2c5ab3-cdb8-4dca-9c97-94e2652c3cff,com.sec.android.app.shealth,km/h,0,14.0,18,bc2692e2-6be5-4923-9234-a54d4b235114,
,0,2022-04-24 11:37:53.367,41.079926,,WNW. 300,Fair,0,1,TWC,2022-04-24 11:37:53.372,2022-04-24 11:37:53.372,1,29.050552,22.0,41,UTC+0300,e7FCb+MfnB,6e50572e-b57d-4754-991e-b56191ab2b18,com.sec.android.app.shealth,km/h,0,3.0,1,d891efa6-c12c-416c-9492-7ec48d6b8bc5,
,0,2022-06-12 10:50:49.331,36.92282,,SE. 140,Partly Cloudy,0,1,TWC,2022-06-12 10:50:49.332,2022-06-12 10:50:49.332,1,30.68361,26.0,58,UTC+0300,e7FCb+MfnB,c618f9fd-db22-4004-88ac-64a8b29a9594,com.sec.android.app.shealth,km/h,0,11.0,2,6ce0791a-5806-4f37-bd12-d9fd2fd6fbf9,
,0,2022-01-27 08:28:45.286,36.922916,,NNW. 330,Fair,0,1,TWC,2022-01-27 08:28:45.287,2022-01-27 08:28:45.287,1,30.683672,8.0,20,UTC+0300,e7FCb+MfnB,08e60204-fe88-4c03-9f0e-d7db4c1b353e,com.sec.android.app.shealth,km/h,0,11.0,1,fcd11338-88fa-4e5e-bce4-5fbd1f4a7c77,
,0,2022-06-16 12:59:07.364,36.85505,,S. 180,Fair,0,1,TWC,2022-06-16 12:59:07.369,2022-06-16 12:59:07.369,1,30.779535,29.0,56,UTC+0300,e7FCb+MfnB,1f7dcf63-ea6f-4438-b235-02a1cca577d2,com.sec.android.app.shealth,km/h,0,21.0,1,0a20031f-a136-4516-80a9-0b63b471ba1c,
,0,2022-05-04 09:10:56.819,36.92286,,SE. 140,Mostly Cloudy,0,1,TWC,2022-05-04 09:10:56.821,2022-05-04 09:10:56.821,1,30.683592,23.0,53,UTC+0300,e7FCb+MfnB,e291ff94-2144-4260-a83f-a01dd38ade29,com.sec.android.app.shealth,km/h,0,8.0,3,1ddfedfa-9d02-43bd-9c0c-44d413bb4964,
,0,2022-06-10 16:47:29.931,36.923016,,ESE. 110,Fair,0,1,TWC,2022-06-10 16:47:29.934,2022-06-10 16:47:29.934,1,30.683529,25.0,69,UTC+0300,e7FCb+MfnB,587fb1e5-7f66-4044-84bc-449525a5c022,com.sec.android.app.shealth,km/h,0,8.0,1,0ac5ab82-8f9a-4493-a875-9b26e5b38d20,
,0,2022-06-19 06:40:04.126,36.922882,,SE. 140,Fair,0,1,TWC,2022-06-19 06:40:04.127,2022-06-19 06:40:04.127,1,30.683613,29.0,55,UTC+0300,e7FCb+MfnB,97157c37-a80c-4136-9029-d9602eb92f3e,com.sec.android.app.shealth,km/h,0,3.0,1,3c6616aa-0e17-404b-ab2a-1f7912e4ebd8,
,0,2022-05-07 12:19:12.277,36.91932,,SSW. 210,Fair,0,1,TWC,2022-05-07 12:19:12.278,2022-05-07 12:19:12.278,1,30.74692,25.0,32,UTC+0300,e7FCb+MfnB,3bc563de-afc7-45f2-91ca-9ab802789b1b,com.sec.android.app.shealth,km/h,0,18.0,1,8fe16dfc-8723-4d2a-850c-d1338c5009ed,
,0,2022-05-09 08:45:39.503,36.922886,,SE. 140,Partly Cloudy,0,1,TWC,2022-05-09 08:45:39.506,2022-05-09 08:45:39.506,1,30.683487,23.0,34,UTC+0300,e7FCb+MfnB,ac9d895f-395c-45f7-8fbe-4c173e11bd34,com.sec.android.app.shealth,km/h,0,3.0,2,8d1a2ef6-8c08-429f-b835-50cee6dc66c3,
,0,2022-06-22 14:21:22.240,36.922966,,N. 0,Fair,0,1,TWC,2022-06-22 14:21:22.245,2022-06-22 14:21:22.245,1,30.683592,37.0,22,UTC+0300,e7FCb+MfnB,e1a371c7-b596-4163-a5f3-8c7c968f0470,com.sec.android.app.shealth,km/h,0,27.0,1,af7aaf6e-a7ed-4338-95d9-5dca23a229ae,
,0,2022-01-30 12:35:01.788,36.909966,,NNW. 340,Mostly Cloudy,0,1,TWC,2022-01-30 12:35:01.792,2022-01-30 12:35:01.792,1,30.679241,11.0,67,UTC+0300,e7FCb+MfnB,a441fc99-b7dc-43d1-a98e-fc8ecd8bf887,com.sec.android.app.shealth,km/h,0,2.0,3,33a3b242-62f5-45f1-b30d-9672b35e0965,
,0,2022-06-27 13:52:44.746,41.041695,,N. 10,Partly Cloudy,0,1,TWC,2022-06-27 13:52:44.751,2022-06-27 13:52:44.751,1,29.006227,27.0,52,UTC+0300,e7FCb+MfnB,a3ed7d41-0b16-4878-9e7b-f01cdf576bb5,com.sec.android.app.shealth,km/h,0,23.0,2,421eab6f-9a25-4cde-b106-9f0c40dd3cc5,
,0,2022-05-29 14:41:53.320,41.08595,,ENE. 70,Fair,0,1,TWC,2022-05-29 14:41:53.323,2022-05-29 14:41:53.323,1,29.044254,27.0,45,UTC+0300,e7FCb+MfnB,05e9be7e-b259-4d90-855b-c155824877b3,com.sec.android.app.shealth,km/h,0,3.0,1,79265f27-abca-46bb-8898-1a0c0e9a6695,
,0,2022-06-13 07:28:28.582,36.922874,,SE. 140,Fair,0,1,TWC,2022-06-13 07:28:28.584,2022-06-13 07:28:28.584,1,30.683546,26.0,57,UTC+0300,e7FCb+MfnB,beca1c97-2f92-45b0-86b5-f22984e00eca,com.sec.android.app.shealth,km/h,0,5.0,1,c9c0d3e1-427d-422e-81b2-8129ca2e3f0b,
,0,2022-06-09 15:21:16.452,36.87215,,SE. 140,Fair,0,1,TWC,2022-06-09 15:21:16.453,2022-06-09 15:21:16.453,1,30.65432,26.0,70,UTC+0300,e7FCb+MfnB,049faa69-30a3-4e97-84c6-2be50ac40249,com.sec.android.app.shealth,km/h,0,10.0,1,c9422d19-6217-4a87-ac1c-012804ad56e6,
,0,2022-06-29 17:42:20.953,41.088192,,NNE. 20,Fair,0,1,TWC,2022-06-29 17:42:20.954,2022-06-29 17:42:20.954,1,29.043716,22.0,78,UTC+0300,e7FCb+MfnB,3e7d280a-7d23-4003-a3ac-6300784095f8,com.sec.android.app.shealth,km/h,0,18.0,1,8ba413cd-1252-4b97-8f6c-a2f594f0174a,
,0,2022-02-04 11:03:18.585,36.9229,,NNW. 330,Fair,0,1,TWC,2022-02-04 11:03:18.586,2022-02-04 11:03:18.586,1,30.683558,14.0,32,UTC+0300,e7FCb+MfnB,97e1a62f-2ba9-40ef-a895-76a0f783e8c2,com.sec.android.app.shealth,km/h,0,11.0,1,835ced0d-e317-45ea-8b82-51303be9da87,
,0,2022-06-12 14:21:15.481,36.922935,,SE. 140,Mostly Cloudy,0,1,TWC,2022-06-12 14:21:15.482,2022-06-12 14:21:15.482,1,30.683535,25.0,59,UTC+0300,e7FCb+MfnB,9b918444-006d-4d4a-ae88-7b8e5acc3fc7,com.sec.android.app.shealth,km/h,0,3.0,3,cd2dc036-4140-4e98-9fb2-a237e44e9d67,
,0,2022-07-04 19:08:00.443,41.087955,,NE. 50,Fair,0,1,TWC,2022-07-04 19:08:00.446,2022-07-04 19:08:00.446,1,29.043247,21.0,77,UTC+0300,e7FCb+MfnB,5ba45a62-81bd-45a3-b9c8-a8c64ec5f4a2,com.sec.android.app.shealth,km/h,0,3.0,18,a70adce4-c662-4586-b90f-c2f14d8160fb,
,0,2022-07-09 16:51:03.207,41.088104,,N. 350,Mostly Cloudy,0,1,TWC,2022-07-09 16:51:03.209,2022-07-09 16:51:03.209,1,29.043839,24.0,81,UTC+0300,e7FCb+MfnB,5cf6a8ee-d831-40c3-9d70-6f73445895ad,com.sec.android.app.shealth,km/h,0,5.0,3,fb9d2ac2-52ac-41c3-976a-ee29d4273d4a,
,0,2022-06-17 12:45:41.208,36.922928,,SE. 130,Fair,0,1,TWC,2022-06-17 12:45:41.210,2022-06-17 12:45:41.210,1,30.683582,32.0,40,UTC+0300,e7FCb+MfnB,ee2c907a-93c9-415e-aa67-16b168e9b045,com.sec.android.app.shealth,km/h,0,10.0,1,dd6e15ee-e8fe-480b-835b-db2a9d0db4dc,
,0,2022-06-18 05:46:05.718,36.92297,,NNW. 330,Fair,0,1,TWC,2022-06-18 05:46:05.720,2022-06-18 05:46:05.720,1,30.68359,28.0,38,UTC+0300,e7FCb+MfnB,74ec35ab-b898-47d7-81b8-81046034e4ba,com.sec.android.app.shealth,km/h,0,0.0,1,058d2631-28d4-4bd4-94d6-3c86e4f935d9,
,0,2022-07-14 09:22:21.120,41.088226,,NE. 50,Fair,0,1,TWC,2022-07-14 09:22:21.122,2022-07-14 09:22:21.122,1,29.043783,25.0,52,UTC+0300,e7FCb+MfnB,fd8c8b19-622b-4e9e-a863-deb8ded7a410,com.sec.android.app.shealth,km/h,0,26.0,1,e1267a67-fa02-4fcc-810e-0ba5149df5e9,
,0,2022-07-14 16:35:04.564,41.085236,,NE. 50,Fair/Wind,0,1,TWC,2022-07-14 16:35:04.570,2022-07-14 16:35:04.570,1,29.045265,24.0,54,UTC+0300,e7FCb+MfnB,db42ade4-4d4b-4058-b51a-d4679c4f5238,com.sec.android.app.shealth,km/h,0,34.0,1,d781926a-8c29-42d5-aa92-6be15ba7dce3,
,0,2022-06-19 15:51:51.357,36.8883,,SE. 130,Fair,0,1,TWC,2022-06-19 15:51:51.359,2022-06-19 15:51:51.359,1,30.674557,27.0,74,UTC+0300,e7FCb+MfnB,8e572711-c248-4a44-906f-01ca77049d7d,com.sec.android.app.shealth,km/h,0,10.0,1,d090a36a-3022-4513-bd0f-d8435c968a90,
,0,2022-07-17 16:04:10.893,41.042362,,NE. 40,Fair,0,1,TWC,2022-07-17 16:04:10.897,2022-07-17 16:04:10.897,1,29.008133,27.0,58,UTC+0300,e7FCb+MfnB,cb375954-2545-47b9-85ed-479dae93767f,com.sec.android.app.shealth,km/h,0,29.0,1,7797e9b1-8f40-45a3-bc0f-e93ef57266b9,
,0,2022-07-24 13:26:20.351,41.086132,,ENE. 70,Fair,0,1,TWC,2022-07-24 13:26:20.354,2022-07-24 13:26:20.354,1,29.008713,27.0,49,UTC+0300,e7FCb+MfnB,fb50f79f-69b9-4af5-972a-1ba47f357ebd,com.sec.android.app.shealth,km/h,0,5.0,1,ca9f70c3-1831-440e-8e2d-8a48fe7915bd,
,0,2022-08-04 15:52:43.755,41.08821,,NNE. 20,Fair,0,1,TWC,2022-08-04 15:52:43.759,2022-08-04 15:52:43.759,1,29.043816,26.0,69,UTC+0300,e7FCb+MfnB,6c77be45-b491-417a-ad78-e66cb1ed8888,com.sec.android.app.shealth,km/h,0,3.0,1,fa1b34b5-a1d0-4408-b84c-5b26e0d83413,
,0,2022-06-25 15:21:46.232,41.085735,,ENE. 70,Fair,0,1,TWC,2022-06-25 15:21:46.235,2022-06-25 15:21:46.235,1,29.04342,24.0,57,UTC+0300,e7FCb+MfnB,66d9f60f-807a-40ed-82cc-75192778ac09,com.sec.android.app.shealth,km/h,0,3.0,1,b1c75724-e703-4549-9245-cd76d1965215,
,0,2022-08-09 15:58:32.985,41.088207,,NNE. 20,Fair,0,1,TWC,2022-08-09 15:58:32.989,2022-08-09 15:58:32.989,1,29.043856,27.0,63,UTC+0300,e7FCb+MfnB,247f7a2a-1cfa-432e-8aec-2e8796d1c800,com.sec.android.app.shealth,km/h,0,23.0,1,2a7860ac-1dba-44ec-8f5e-cf4ab194ac0e,
,0,2022-08-16 15:54:20.278,41.087807,,SSE. 150,Fair,0,1,TWC,2022-08-16 15:54:20.281,2022-08-16 15:54:20.281,1,29.043951,29.0,46,UTC+0300,e7FCb+MfnB,e63a54fa-7e0e-4cc5-90b2-c8ab04dfac37,com.sec.android.app.shealth,km/h,0,10.0,1,6b06dbc8-e5de-469f-bd37-22408e8e5e1b,
,0,2022-02-10 12:36:03.660,36.922947,,N. 350,Fair,0,1,TWC,2022-02-10 12:36:03.662,2022-02-10 12:36:03.662,1,30.683603,14.0,20,UTC+0300,e7FCb+MfnB,64a5ce6b-7fd3-4ce2-821f-12f7e058662f,com.sec.android.app.shealth,km/h,0,16.0,1,f933f3d9-fcd8-44ba-a339-0aa8e5f57ee0,
,0,2022-06-28 15:37:16.675,41.088375,,NW. 310,Mostly Cloudy,0,1,TWC,2022-06-28 15:37:16.679,2022-06-28 15:37:16.679,1,29.043642,24.0,67,UTC+0300,e7FCb+MfnB,a5b0a1bb-aa33-482e-b158-f52a737d30bb,com.sec.android.app.shealth,km/h,0,3.0,3,6f1f1438-3003-4fc8-bba7-e40d5cf396a5,
,0,2022-01-27 11:47:42.646,36.92286,,NNW. 340,Fair,0,1,TWC,2022-01-27 11:47:42.649,2022-01-27 11:47:42.649,1,30.683577,11.0,17,UTC+0300,e7FCb+MfnB,c1b71aa1-ffb5-4073-8e51-e1479a29f26c,com.sec.android.app.shealth,km/h,0,5.0,1,9e0f1978-5621-49bb-83a6-1e6005db17a7,
,0,2022-01-30 12:55:42.465,36.915085,,NNW. 340,Mostly Cloudy,0,1,TWC,2022-01-30 12:55:42.466,2022-01-30 12:55:42.466,1,30.68109,11.0,67,UTC+0300,e7FCb+MfnB,4fdf63e6-7af8-4ea1-bbf3-4402d903e0ac,com.sec.android.app.shealth,km/h,0,2.0,3,9fde4daf-a2fc-4e0b-9b8f-bcdf5cf5c334,
,0,2022-06-19 13:03:39.909,36.887894,,SE. 130,Fair,0,1,TWC,2022-06-19 13:03:39.911,2022-06-19 13:03:39.911,1,30.674978,28.0,66,UTC+0300,e7FCb+MfnB,329c35ed-ece1-41c1-a28f-551deed40868,com.sec.android.app.shealth,km/h,0,10.0,1,3b125923-f1e0-4fb8-ac1d-9e9637a57393,
,0,2022-02-12 12:34:56.370,36.89295,,SSE. 160,Fair,0,1,TWC,2022-02-12 12:34:56.373,2022-02-12 12:34:56.373,1,30.704006,16.0,51,UTC+0300,e7FCb+MfnB,03d3172c-5f98-4edb-ba8f-def7c82eae1b,com.sec.android.app.shealth,km/h,0,5.0,1,c0ae7b3c-c7ea-4acc-9c35-616066f4139a,
,0,2022-06-24 14:09:28.107,36.922905,,NNW. 340,Mostly Cloudy,0,1,TWC,2022-06-24 14:09:28.111,2022-06-24 14:09:28.111,1,30.683573,26.0,65,UTC+0300,e7FCb+MfnB,c4e0b3c7-6833-4c15-8aea-d089b1b921c1,com.sec.android.app.shealth,km/h,0,26.0,3,766ba051-3b9c-4c4b-b414-9a2560ffab25,
,0,2022-06-30 18:59:31.180,41.070747,,NE. 50,Fair,0,1,TWC,2022-06-30 18:59:31.183,2022-06-30 18:59:31.183,1,29.009254,21.0,81,UTC+0300,e7FCb+MfnB,dd7041eb-d10d-4ef8-bbeb-61eb988bfd57,com.sec.android.app.shealth,km/h,0,23.0,18,b1e42ca8-640a-47b0-aaa6-1a4a380dd102,
,0,2022-02-05 12:39:05.018,36.92289,,SSE. 150,Fair,0,1,TWC,2022-02-05 12:39:05.020,2022-02-05 12:39:05.020,1,30.683556,14.0,40,UTC+0300,e7FCb+MfnB,9e4d6d7f-3a8e-4a6c-b2dd-423d0b53ba4a,com.sec.android.app.shealth,km/h,0,5.0,1,56ef4d0b-02a6-4e87-a41c-aba2be89642d,
,0,2022-02-10 14:55:29.005,36.87614,,NNW. 340,Fair,0,1,TWC,2022-02-10 14:55:29.008,2022-02-10 14:55:29.008,1,30.661245,14.0,19,UTC+0300,e7FCb+MfnB,81bf9012-02e3-40cb-acaf-9817c442729f,com.sec.android.app.shealth,km/h,0,10.0,1,6cd623d9-ad11-4991-837a-b9201527c552,
,0,2022-06-27 18:31:17.956,41.08274,,NNW. 330,Mostly Cloudy,0,1,TWC,2022-06-27 18:31:17.959,2022-06-27 18:31:17.959,1,29.038448,21.0,87,UTC+0300,e7FCb+MfnB,96028bb7-f90d-4564-87ed-ce02e3e1ea58,com.sec.android.app.shealth,km/h,0,3.0,3,c3138fb8-6c47-491d-99ad-5e4833c47ec2,
,0,2022-02-14 09:18:35.998,36.91368,,NNW. 330,Fair,0,1,TWC,2022-02-14 09:18:36.000,2022-02-14 09:18:36.000,1,30.719593,17.0,28,UTC+0300,e7FCb+MfnB,74b7f21a-a08b-4d41-8fe3-5c31781e51cc,com.sec.android.app.shealth,km/h,0,3.0,1,5a209281-5dce-4d05-88ab-ce71c49d1e3f,
,0,2022-06-30 16:45:03.843,41.088154,,ENE. 60,Fair,0,1,TWC,2022-06-30 16:45:03.846,2022-06-30 16:45:03.846,1,29.043709,23.0,75,UTC+0300,e7FCb+MfnB,4d506108-58cb-4b25-b754-cbfe98bbf9f1,com.sec.android.app.shealth,km/h,0,3.0,1,2b368e70-186c-4e1b-975f-f46ca44375ac,
,0,2022-02-12 13:28:46.207,36.88347,,SSE. 150,Fair,0,1,TWC,2022-02-12 13:28:46.212,2022-02-12 13:28:46.212,1,30.702166,16.0,54,UTC+0300,e7FCb+MfnB,ef8b9e14-be66-478d-9d73-affdd8527001,com.sec.android.app.shealth,km/h,0,8.0,1,32f50c3e-0b84-4f5c-8331-791487798486,
,0,2022-07-05 16:00:56.927,41.088223,,NE. 50,Fair,0,1,TWC,2022-07-05 16:00:56.928,2022-07-05 16:00:56.928,1,29.043762,24.0,58,UTC+0300,e7FCb+MfnB,d6264ded-6a39-4ea3-8d34-a3f2724da7e0,com.sec.android.app.shealth,km/h,0,3.0,1,174de2b0-7f2b-49d0-bd24-18b5e098bc04,
,0,2022-07-05 12:30:47.215,41.088192,,N. 0,Fair,0,1,TWC,2022-07-05 12:30:47.217,2022-07-05 12:30:47.217,1,29.043718,26.0,52,UTC+0300,e7FCb+MfnB,6ee54720-f3e9-4455-b2cc-aad6db06e257,com.sec.android.app.shealth,km/h,0,3.0,1,4e08ff95-aff2-48d7-9f5d-c7b30c1da600,
,0,2022-02-14 16:58:40.308,36.91746,,S. 170,Fair,0,1,TWC,2022-02-14 16:58:40.310,2022-02-14 16:58:40.310,1,30.68043,13.0,53,UTC+0300,e7FCb+MfnB,d9451e75-8cf1-4a7b-bcdf-6318861a1f0d,com.sec.android.app.shealth,km/h,0,2.0,18,4e178b90-2ba8-4db9-b292-17af3f9f7ce7,
,0,2022-02-15 14:22:37.853,36.872498,,SSE. 150,Fair,0,1,TWC,2022-02-15 14:22:37.855,2022-02-15 14:22:37.855,1,30.641676,17.0,35,UTC+0300,e7FCb+MfnB,a7b87c1d-4d08-4eb2-948d-ad1f31ce7f19,com.sec.android.app.shealth,km/h,0,3.0,1,b49ff99e-ede0-4910-8725-d17623a83a3a,
,0,2022-07-10 15:57:30.620,41.088264,,NNW. 340,Partly Cloudy,0,1,TWC,2022-07-10 15:57:30.623,2022-07-10 15:57:30.623,1,29.04371,23.0,73,UTC+0300,e7FCb+MfnB,f2442f61-f17c-4949-bdbe-694caa627619,com.sec.android.app.shealth,km/h,0,3.0,2,f3968ccb-2b04-49d1-a6f5-c89ccd51f177,
,0,2022-02-16 11:10:12.142,36.92295,,SSE. 150,Fair,0,1,TWC,2022-02-16 11:10:12.147,2022-02-16 11:10:12.147,1,30.683655,17.0,32,UTC+0300,e7FCb+MfnB,5775ff90-9a5f-4c90-803d-468a1817101e,com.sec.android.app.shealth,km/h,0,8.0,1,4d34faae-7bec-49cd-873d-f196797fa5b3,
,0,2022-07-10 17:02:59.795,41.088367,,NW. 320,Fair,0,1,TWC,2022-07-10 17:02:59.797,2022-07-10 17:02:59.797,1,29.04361,22.0,74,UTC+0300,e7FCb+MfnB,40187f3a-be10-4fe3-9aa7-179a564d7487,com.sec.android.app.shealth,km/h,0,3.0,1,46bf3043-47e0-45df-b2ca-974e6a9b60eb,
,0,2022-07-14 10:55:13.762,40.98643,,ENE. 60,Partly Cloudy,0,1,TWC,2022-07-14 10:55:13.767,2022-07-14 10:55:13.767,1,29.025787,28.0,38,UTC+0300,e7FCb+MfnB,71cc4ddd-f45a-4943-8e1a-813d607cead3,com.sec.android.app.shealth,km/h,0,29.0,2,9431739f-8298-4f38-83bb-67e411f78092,
,0,2022-02-24 13:47:57.644,36.922966,,ESE. 110,Mostly Cloudy,0,1,TWC,2022-02-24 13:47:57.646,2022-02-24 13:47:57.646,1,30.683437,13.0,68,UTC+0300,e7FCb+MfnB,7739f16a-d529-4fd5-891d-eb58d2b26c59,com.sec.android.app.shealth,km/h,0,3.0,3,757f255e-dd80-46e4-acc4-1bb03126f728,
,0,2022-04-02 22:22:46.050,41.08459,,SW. 230,Fair,0,1,TWC,2022-04-02 22:22:46.057,2022-04-02 22:22:46.057,1,29.040598,16.0,53,UTC+0300,e7FCb+MfnB,84346d5e-8eb6-43c0-880c-2e51c5001145,com.sec.android.app.shealth,km/h,0,26.0,18,af78c9bd-e222-4448-a665-0cce9267d859,
,0,2022-07-14 16:48:12.942,41.083443,,ENE. 70,Fair,0,1,TWC,2022-07-14 16:48:12.944,2022-07-14 16:48:12.944,1,29.053179,24.0,57,UTC+0300,e7FCb+MfnB,945afc07-10d0-4f0f-95e7-4ee936be1636,com.sec.android.app.shealth,km/h,0,3.0,1,edd8b21b-c124-43a9-830c-2881bea607b8,
,0,2022-02-22 09:40:03.992,36.92308,,SSE. 150,Partly Cloudy,0,1,TWC,2022-02-22 09:40:03.996,2022-02-22 09:40:03.996,1,30.683525,17.0,69,UTC+0300,e7FCb+MfnB,3784ec24-a948-479a-832e-b91c9d01fe2e,com.sec.android.app.shealth,km/h,0,13.0,2,13696db5-e7e8-45d0-b15a-cb6d1b2362e1,
,0,2022-07-14 11:17:31.806,40.989563,,NE. 50,Partly Cloudy,0,1,TWC,2022-07-14 11:17:31.808,2022-07-14 11:17:31.808,1,29.02284,28.0,39,UTC+0300,e7FCb+MfnB,0da2c259-6561-47a5-9935-dc78b88bcc12,com.sec.android.app.shealth,km/h,0,29.0,2,75d85813-abf9-426a-a4d5-486e7c44d034,
,0,2022-05-02 15:58:21.239,36.92299,,ESE. 110,Mostly Cloudy,0,1,TWC,2022-05-02 15:58:21.241,2022-05-02 15:58:21.241,1,30.683556,19.0,88,UTC+0300,e7FCb+MfnB,6b75e57e-727a-478e-a920-0e1c0fb85c7b,com.sec.android.app.shealth,km/h,0,3.0,3,ec5019ac-83af-4d44-972f-f2b8c18fccf1,
,0,2022-05-05 16:26:58.434,36.922863,,NW. 320,Fair,0,1,TWC,2022-05-05 16:26:58.439,2022-05-05 16:26:58.439,1,30.683548,22.0,17,UTC+0300,e7FCb+MfnB,adc8a6d9-2b85-4f21-a049-2abf6666b5d9,com.sec.android.app.shealth,km/h,0,10.0,1,f47a2970-55c7-420f-be81-4899dbf3304f,
,0,2022-03-28 10:08:24.252,41.086674,,WNW. 300,Fog,0,1,TWC,2022-03-28 10:08:24.254,2022-03-28 10:08:24.254,1,29.043865,15.0,49,UTC+0300,e7FCb+MfnB,90c7ad9c-39a7-4df4-b0d5-23361bcc55e5,com.sec.android.app.shealth,km/h,0,2.0,4,a5be11b1-3830-4e16-8480-bdb444a9c453,
,0,2022-05-08 12:46:23.169,36.922935,,ESE. 120,Partly Cloudy,0,1,TWC,2022-05-08 12:46:23.172,2022-05-08 12:46:23.172,1,30.683674,23.0,38,UTC+0300,e7FCb+MfnB,5925d2e1-683b-4fd2-9edf-1fe7b868e6e4,com.sec.android.app.shealth,km/h,0,10.0,2,0935fed8-6f45-4108-90d9-5303f71ee0f8,
,0,2022-07-14 17:47:39.649,41.04262,,NE. 50,Fair,0,1,TWC,2022-07-14 17:47:39.651,2022-07-14 17:47:39.651,1,29.009573,24.0,59,UTC+0300,e7FCb+MfnB,56b78b26-be6f-453d-8915-7b799137dfef,com.sec.android.app.shealth,km/h,0,29.0,18,b463c258-b304-4444-81e3-2ba201018026,
,0,2022-05-16 12:23:08.867,41.074333,,W. 260,Fair,0,1,TWC,2022-05-16 12:23:08.880,2022-05-16 12:23:08.880,1,29.016434,23.0,45,UTC+0300,e7FCb+MfnB,3dd6b44e-a0b4-4941-aa68-1fe1dbf94a78,com.sec.android.app.shealth,km/h,0,11.0,1,582371dc-69a8-47d5-8e67-eecda35f8440,
,0,2022-07-18 15:44:35.728,41.088234,,NE. 40,Fair,0,1,TWC,2022-07-18 15:44:35.733,2022-07-18 15:44:35.733,1,29.043783,23.0,65,UTC+0300,e7FCb+MfnB,a444b333-ac4a-429d-a953-9b30fc08203e,com.sec.android.app.shealth,km/h,0,5.0,1,747c9498-22a2-4c5b-83d8-eee6522b4c64,
,0,2022-05-01 09:02:26.760,36.922913,,NNW. 340,Fair,0,1,TWC,2022-05-01 09:02:26.762,2022-05-01 09:02:26.762,1,30.68355,27.0,25,UTC+0300,e7FCb+MfnB,ed669698-15e8-4584-9cdd-70f87d450e50,com.sec.android.app.shealth,km/h,0,8.0,1,d4fa8132-4dcc-49d2-94a5-3a41b8af50cb,
,0,2022-07-31 16:21:23.233,41.08821,,N. 0,Fair,0,1,TWC,2022-07-31 16:21:23.238,2022-07-31 16:21:23.238,1,29.0438,26.0,71,UTC+0300,e7FCb+MfnB,76cbb5fd-d214-473e-8c02-80a6ccf18d91,com.sec.android.app.shealth,km/h,0,2.0,1,15fb5fff-d0d0-4873-b20f-3482bd78e11c,
,0,2022-06-06 19:54:43.459,41.086864,,NNE. 30,Fair,0,1,TWC,2022-06-06 19:54:43.461,2022-06-06 19:54:43.461,1,29.043589,19.0,82,UTC+0300,e7FCb+MfnB,b4e5244c-506a-4a92-9b44-e94b1f708304,com.sec.android.app.shealth,km/h,0,21.0,18,a7566cf2-4087-45f7-893b-3296aba9c282,
,0,2022-05-05 12:22:32.837,36.90737,,NNW. 330,Partly Cloudy,0,1,TWC,2022-05-05 12:22:32.840,2022-05-05 12:22:32.840,1,30.656343,24.0,18,UTC+0300,e7FCb+MfnB,7d9be18e-9d5f-455b-8c57-004c4b33e041,com.sec.android.app.shealth,km/h,0,8.0,2,a212d610-8aee-4b05-b962-712d1362eec6,
,0,2022-07-17 16:15:28.777,41.041866,,NE. 40,Fair,0,1,TWC,2022-07-17 16:15:28.780,2022-07-17 16:15:28.780,1,29.008179,27.0,60,UTC+0300,e7FCb+MfnB,5d3f4503-f2a0-4020-b8d5-3e198a624da8,com.sec.android.app.shealth,km/h,0,27.0,1,72c121fa-9e71-4744-b81e-149d5624afed,
,0,2022-08-05 15:26:12.751,41.087177,,N. 350,Fair,0,1,TWC,2022-08-05 15:26:12.753,2022-08-05 15:26:12.753,1,29.042929,26.0,70,UTC+0300,e7FCb+MfnB,32f678ec-0930-4dcc-924d-f1988dda135a,com.sec.android.app.shealth,km/h,0,5.0,1,74882019-2b08-4545-9481-11bc2b38a36c,
,0,2022-07-30 07:00:29.294,41.04402,,NE. 50,Fair,0,1,TWC,2022-07-30 07:00:29.297,2022-07-30 07:00:29.297,1,28.951885,27.0,63,UTC+0300,e7FCb+MfnB,ec8ed613-cc6d-48e2-8b1d-56ad58c98005,com.sec.android.app.shealth,km/h,0,26.0,1,ffc8b8ee-613d-4ff1-8c02-75f99f84dcc9,
,0,2022-06-11 14:55:46.298,36.87708,,ESE. 120,Fair,0,1,TWC,2022-06-11 14:55:46.299,2022-06-11 14:55:46.299,1,30.660746,26.0,66,UTC+0300,e7FCb+MfnB,d92711b4-a239-4b87-964b-b014391cdbd7,com.sec.android.app.shealth,km/h,0,18.0,1,f1fe1cf7-dd67-4a9a-887e-08cd614b828f,
,0,2022-08-04 17:52:55.618,41.04185,,NE. 50,Fair,0,1,TWC,2022-08-04 17:52:55.621,2022-08-04 17:52:55.621,1,29.007645,25.0,70,UTC+0300,e7FCb+MfnB,7a247d49-90c1-4d91-98fb-b0967f586e74,com.sec.android.app.shealth,km/h,0,24.0,18,c2065d3e-f150-4589-8849-54bdd4ab5dfb,
,0,2022-05-07 15:45:40.838,36.920406,,SSW. 200,Fair,0,1,TWC,2022-05-07 15:45:40.839,2022-05-07 15:45:40.839,1,30.747225,22.0,40,UTC+0300,e7FCb+MfnB,2fe5a63f-8733-4f66-af5c-755eec19c72b,com.sec.android.app.shealth,km/h,0,16.0,1,be518c68-8970-4218-908a-f1ff88945d15,
,0,2022-08-10 18:31:48.725,41.088364,,N. 0,Partly Cloudy,0,1,TWC,2022-08-10 18:31:48.728,2022-08-10 18:31:48.728,1,29.04361,24.0,82,UTC+0300,e7FCb+MfnB,2ec4b024-a3cb-4d71-87de-0f8fecb546ce,com.sec.android.app.shealth,km/h,0,13.0,19,362c7f15-4005-4a1f-9311-400be4bb5af7,
,0,2022-08-10 16:54:01.190,41.08821,,N. 350,Mostly Cloudy,0,1,TWC,2022-08-10 16:54:01.193,2022-08-10 16:54:01.193,1,29.043844,24.0,82,UTC+0300,e7FCb+MfnB,005a3ae1-1dc9-4aa3-9a26-8f033790c591,com.sec.android.app.shealth,km/h,0,10.0,3,bbc5a297-7582-4007-9f98-ad4f6207ffce,
,0,2022-06-15 13:34:06.294,36.922924,,SE. 130,Fair,0,1,TWC,2022-06-15 13:34:06.296,2022-06-15 13:34:06.296,1,30.683607,28.0,55,UTC+0300,e7FCb+MfnB,a303bec7-b387-4a2b-93bb-a5f3129ddbd4,com.sec.android.app.shealth,km/h,0,13.0,1,eec436d2-3f01-40d4-8e64-02eeaf0d2e8b,
,0,2022-08-17 15:40:17.651,41.08748,,ENE. 60,Fair,0,1,TWC,2022-08-17 15:40:17.655,2022-08-17 15:40:17.655,1,29.043839,28.0,63,UTC+0300,e7FCb+MfnB,e1bc22db-004f-4f84-9d7b-3603b095c002,com.sec.android.app.shealth,km/h,0,2.0,1,9dde87f9-6ccf-42dd-8d3e-20b7cae718c7,
,0,2022-06-18 12:40:09.923,36.89019,,E. 100,Fair,0,1,TWC,2022-06-18 12:40:09.926,2022-06-18 12:40:09.926,1,30.67989,30.0,51,UTC+0300,e7FCb+MfnB,f266d6ec-320a-4c92-beee-c03a68b6e743,com.sec.android.app.shealth,km/h,0,5.0,1,9985a998-11da-4c19-9c88-a2b63dc771b5,
,0,2022-05-09 15:34:38.230,36.923084,,ENE. 70,Partly Cloudy,0,1,TWC,2022-05-09 15:34:38.233,2022-05-09 15:34:38.233,1,30.683533,22.0,40,UTC+0300,e7FCb+MfnB,2b18daca-a285-4a3f-af4b-66f39b750ebe,com.sec.android.app.shealth,km/h,0,2.0,2,7aacf14c-4407-4f42-8ce8-63372a0cf39c,
,0,2022-06-21 12:33:23.869,36.922916,,SE. 140,Fair,0,1,TWC,2022-06-21 12:33:23.873,2022-06-21 12:33:23.873,1,30.68358,28.0,51,UTC+0300,e7FCb+MfnB,b6530145-351c-45f6-93ed-a34bbedc3f01,com.sec.android.app.shealth,km/h,0,8.0,1,67778b2a-188e-49e7-af3f-4272303e31a8,
,0,2022-06-26 16:02:35.973,41.08762,,WNW. 300,Fair,0,1,TWC,2022-06-26 16:02:35.975,2022-06-26 16:02:35.975,1,29.043985,24.0,58,UTC+0300,e7FCb+MfnB,37f115a7-6a8b-467f-802c-9f899129a65d,com.sec.android.app.shealth,km/h,0,2.0,1,de054aa5-7213-415e-874d-0613f6878db5,
,0,2022-06-05 08:58:56.160,40.98993,,S. 190,Fair,0,1,TWC,2022-06-05 08:58:56.164,2022-06-05 08:58:56.164,1,29.022114,26.0,54,UTC+0300,e7FCb+MfnB,18f462bc-7f16-4492-949a-f697abc3fc7c,com.sec.android.app.shealth,km/h,0,10.0,1,79022122-18e7-4039-99f1-eff971333881,
,0,2022-06-29 15:48:21.543,41.088223,,NW. 320,Partly Cloudy,0,1,TWC,2022-06-29 15:48:21.545,2022-06-29 15:48:21.545,1,29.043844,23.0,71,UTC+0300,e7FCb+MfnB,5b3a80a2-4a6b-477b-926d-953da4749ae0,com.sec.android.app.shealth,km/h,0,3.0,2,aa3cbcdc-4c80-4121-8b50-db68b0f4a9bc,
,0,2022-07-01 18:09:21.096,41.086826,,N. 0,Fair,0,1,TWC,2022-07-01 18:09:21.098,2022-07-01 18:09:21.098,1,29.04293,23.0,83,UTC+0300,e7FCb+MfnB,3f413426-9d0e-44c1-b12d-cfc5b0ec64a7,com.sec.android.app.shealth,km/h,0,2.0,18,787418b9-944e-4133-8361-5e928a8466d8,
,0,2022-06-11 12:23:00.475,36.92288,,SE. 130,Partly Cloudy/Wind,0,1,TWC,2022-06-11 12:23:00.478,2022-06-11 12:23:00.478,1,30.68354,26.0,64,UTC+0300,e7FCb+MfnB,fede316c-e831-41a9-b755-3b280d756b5e,com.sec.android.app.shealth,km/h,0,34.0,2,f8b32a36-24a2-4115-a6ca-e5838c016c1a,
,0,2022-07-07 09:31:55.850,41.08814,,NW. 310,Partly Cloudy,0,1,TWC,2022-07-07 09:31:55.851,2022-07-07 09:31:55.851,1,29.04384,27.0,67,UTC+0300,e7FCb+MfnB,47b5aa7d-f33f-43cb-85dc-3040540462cf,com.sec.android.app.shealth,km/h,0,3.0,2,fd38275d-3780-47a7-8ae5-367bffd45ce6,
,0,2022-07-12 16:33:19.687,41.088245,,NE. 50,Fair,0,1,TWC,2022-07-12 16:33:19.690,2022-07-12 16:33:19.690,1,29.04379,23.0,62,UTC+0300,e7FCb+MfnB,3ee78cf5-0abe-40cf-8e9a-12cc292117f9,com.sec.android.app.shealth,km/h,0,24.0,1,354d929b-e278-4f22-bf0d-8701dfe4ee9d,
,0,2022-06-13 12:36:06.364,36.92294,,SE. 130,Partly Cloudy,0,1,TWC,2022-06-13 12:36:06.367,2022-06-13 12:36:06.367,1,30.683512,27.0,57,UTC+0300,e7FCb+MfnB,3db25f6e-6124-436a-be9f-5e7fc62423af,com.sec.android.app.shealth,km/h,0,11.0,2,0b20aaf9-e291-4b64-a5e5-d67685456f2b,
,0,2022-07-14 14:02:06.955,40.984795,,NE. 40,Fair/Wind,0,1,TWC,2022-07-14 14:02:06.957,2022-07-14 14:02:06.957,1,29.025785,28.0,38,UTC+0300,e7FCb+MfnB,be8b73bf-f0f0-41f6-8d51-5741a5d8c54d,com.sec.android.app.shealth,km/h,0,34.0,1,46b1f48a-20d5-4e49-9ffc-f657fc78cf01,
,0,2022-08-18 08:54:34.403,41.085403,,WNW. 290,Fair,0,1,TWC,2022-08-18 08:54:34.406,2022-08-18 08:54:34.406,1,29.047165,31.0,47,UTC+0300,e7FCb+MfnB,6d68a0ba-0615-4324-aab2-08c28f791208,com.sec.android.app.shealth,km/h,0,2.0,1,30f0fc68-de00-4f2f-9045-015c917cb0a1,
,0,2022-07-15 15:37:30.133,41.088165,,ENE. 70,Fair,0,1,TWC,2022-07-15 15:37:30.135,2022-07-15 15:37:30.135,1,29.043818,25.0,67,UTC+0300,e7FCb+MfnB,5285119e-2cd6-4362-bb03-35a70aa6eeb4,com.sec.android.app.shealth,km/h,0,3.0,1,634bbef0-20b6-4843-9ea1-71f0f84e83eb,
,0,2022-06-18 09:14:45.629,36.887886,,S. 190,Fair,0,1,TWC,2022-06-18 09:14:45.630,2022-06-18 09:14:45.630,1,30.674994,34.0,35,UTC+0300,e7FCb+MfnB,d1a6f926-0bbc-429c-be2b-1b754ef84dd5,com.sec.android.app.shealth,km/h,0,13.0,1,3d8ed357-161d-4ee5-b7e5-e15d680a8417,
,0,2022-07-21 16:08:30.871,41.088196,,N. 350,Fair,0,1,TWC,2022-07-21 16:08:30.875,2022-07-21 16:08:30.875,1,29.043829,25.0,67,UTC+0300,e7FCb+MfnB,c9d55852-e66e-4ec2-8a0b-e899fd24e415,com.sec.android.app.shealth,km/h,0,2.0,1,2f765a5d-f246-42fc-90cf-ea39a5621890,
,0,2022-08-02 16:25:40.929,41.088215,,N. 10,Fair,0,1,TWC,2022-08-02 16:25:40.932,2022-08-02 16:25:40.932,1,29.043907,24.0,69,UTC+0300,e7FCb+MfnB,9793aac0-a640-4338-83f5-7d6aceeec649,com.sec.android.app.shealth,km/h,0,8.0,1,b1e7d18c-73a9-41c0-91db-20dda80881de,
,0,2022-06-20 16:34:09.946,36.92289,,SSE. 160,Fair,0,1,TWC,2022-06-20 16:34:09.949,2022-06-20 16:34:09.949,1,30.683514,26.0,67,UTC+0300,e7FCb+MfnB,5abf21d0-3a39-4404-8e7a-9fa7e3fd45b8,com.sec.android.app.shealth,km/h,0,3.0,1,106ea4a4-0ec1-4135-b54f-baa2defde391,
,0,2022-08-07 10:50:54.626,40.986385,,ENE. 70,Partly Cloudy,0,1,TWC,2022-08-07 10:50:54.628,2022-08-07 10:50:54.628,1,29.020933,30.0,53,UTC+0300,e7FCb+MfnB,e354f6ee-b50a-44f5-afcc-e763d5ba1575,com.sec.android.app.shealth,km/h,0,31.0,2,fa114a71-dcbc-4ec4-acb5-c14203180608,
,0,2022-08-12 16:24:25.593,41.087456,,N. 0,Mostly Cloudy,0,1,TWC,2022-08-12 16:24:25.595,2022-08-12 16:24:25.595,1,29.043951,24.0,79,UTC+0300,e7FCb+MfnB,b956ee69-b6d2-47fc-b93d-886390331884,com.sec.android.app.shealth,km/h,0,5.0,3,d153cb65-66ae-465c-9227-ea872eb84c62,
,0,2022-06-25 18:05:49.065,41.08773,,NE. 50,Partly Cloudy,0,1,TWC,2022-06-25 18:05:49.068,2022-06-25 18:05:49.068,1,29.04394,22.0,66,UTC+0300,e7FCb+MfnB,4e709140-6fc9-4b5b-94d0-d73a31de6310,com.sec.android.app.shealth,km/h,0,0.0,19,3908592c-24e4-4e7e-8d06-7cc79f71d49a,
,0,2022-06-28 15:46:25.321,41.088226,,NW. 310,Mostly Cloudy,0,1,TWC,2022-06-28 15:46:25.323,2022-06-28 15:46:25.323,1,29.043829,24.0,67,UTC+0300,e7FCb+MfnB,c0938bec-d831-478a-98de-066764256989,com.sec.android.app.shealth,km/h,0,3.0,3,4d90ac1f-225c-4a63-a0b8-736861891550,
,0,2022-07-01 16:59:21.922,41.088066,,N. 0,Fair,0,1,TWC,2022-07-01 16:59:21.924,2022-07-01 16:59:21.924,1,29.04377,24.0,74,UTC+0300,e7FCb+MfnB,a76e5bad-f820-4ec4-8d99-79524b527250,com.sec.android.app.shealth,km/h,0,3.0,1,b7d19e5b-0f5e-42a1-a038-5b22e8cf1a5b,
,0,2022-07-06 15:51:16.652,41.088203,,N. 0,Fair,0,1,TWC,2022-07-06 15:51:16.654,2022-07-06 15:51:16.654,1,29.043842,25.0,67,UTC+0300,e7FCb+MfnB,db47f1a7-43cc-4baf-ab5a-788c54f2c95f,com.sec.android.app.shealth,km/h,0,3.0,1,c84a3a23-0c56-49bf-a08f-e4c394e64667,
,0,2022-07-11 15:07:05.395,41.08825,,N. 350,Fair,0,1,TWC,2022-07-11 15:07:05.397,2022-07-11 15:07:05.397,1,29.043816,23.0,63,UTC+0300,e7FCb+MfnB,1a4e7aaa-30bd-41b7-ac9f-bb12cf494fe3,com.sec.android.app.shealth,km/h,0,3.0,1,8bf3c623-f2da-4ec8-b94f-36484ed69b3f,
,0,2022-07-14 13:16:06.021,40.98104,,NE. 40,Fair,0,1,TWC,2022-07-14 13:16:06.026,2022-07-14 13:16:06.026,1,29.023445,28.0,39,UTC+0300,e7FCb+MfnB,e68b7c4b-bbbb-4383-93be-695f47a8ce26,com.sec.android.app.shealth,km/h,0,29.0,1,3d184179-5bab-486b-b0a2-4ad537bcee69,
,0,2022-07-14 18:33:45.631,41.088856,,ENE. 60,Fair,0,1,TWC,2022-07-14 18:33:45.632,2022-07-14 18:33:45.632,1,29.042274,23.0,65,UTC+0300,e7FCb+MfnB,53e699f2-e242-4a41-bb63-97269f449af1,com.sec.android.app.shealth,km/h,0,3.0,18,4399cd60-6824-4459-9ad3-19752a18a1e5,
,0,2022-07-20 15:40:31.704,41.08824,,NNE. 20,Fair,0,1,TWC,2022-07-20 15:40:31.708,2022-07-20 15:40:31.708,1,29.043785,24.0,62,UTC+0300,e7FCb+MfnB,9cdff02a-b1d1-4ae2-9a43-011cb81d49e9,com.sec.android.app.shealth,km/h,0,3.0,1,67f130b8-4136-456d-be6c-91a4aa5366d5,
,0,2022-08-01 16:34:36.742,41.088116,,ENE. 60,Fair,0,1,TWC,2022-08-01 16:34:36.748,2022-08-01 16:34:36.748,1,29.043821,26.0,47,UTC+0300,e7FCb+MfnB,429aeafc-9b2c-4d8b-b116-a99ba7cfef70,com.sec.android.app.shealth,km/h,0,21.0,1,8ea58f80-5b04-489c-ae37-92808cde4ba7,
,0,2022-08-07 10:13:53.449,40.989105,,ENE. 60,Partly Cloudy,0,1,TWC,2022-08-07 10:13:53.456,2022-08-07 10:13:53.456,1,29.022978,29.0,50,UTC+0300,e7FCb+MfnB,3c25dae9-618e-4e61-a984-6e8d33796c1d,com.sec.android.app.shealth,km/h,0,27.0,2,5c6462f9-5136-4398-b7f5-b8d472ae5918,
,0,2022-08-11 15:15:53.985,41.088512,,NW. 320,Partly Cloudy,0,1,TWC,2022-08-11 15:15:53.990,2022-08-11 15:15:53.990,1,29.043924,24.0,75,UTC+0300,e7FCb+MfnB,2b44880d-2c4c-4e62-8693-ff9fde7e8696,com.sec.android.app.shealth,km/h,0,5.0,2,b8b21d4f-4c2d-436b-988c-db7df5892836,
