com.samsung.shealth.activity.day_summary,6221053,3
step_count,active_time,target,others_time,update_time,create_time,goal,longest_active_time,score,distance,calorie,extra_data,deviceuuid,run_time,pkg_name,walk_time,longest_idle_time,datauuid,day_time
0,0,90,0,2022-01-15 10:11:20.799,2022-01-15 10:11:20.799,-1,0,0,0.0,0.0,22054159-f94b-4c64-bc9e-fe979b0d98a7.extra_data.json,e7FCb+MfnB,0,com.sec.android.app.shealth,0,-1,22054159-f94b-4c64-bc9e-fe979b0d98a7,1639872000000,
0,0,90,0,2022-01-15 10:11:20.867,2022-01-15 10:11:20.867,-1,0,0,0.0,0.0,c25839b6-5274-4cc2-853e-27a864db2915.extra_data.json,e7FCb+MfnB,0,com.sec.android.app.shealth,0,-1,c25839b6-5274-4cc2-853e-27a864db2915,1639958400000,
11827,7088221,90,0,2022-01-15 21:20:09.246,2022-01-15 10:11:20.730,-1,2460000,130,9717.344,457.3914,5302a638-a8d6-4bfb-9b7d-0d467720e186.extra_data.json,e7FCb+MfnB,80192,com.sec.android.app.shealth,7008029,47640000,5302a638-a8d6-4bfb-9b7d-0d467720e186,1642204800000,
0,0,90,0,2022-01-15 10:11:20.933,2022-01-15 10:11:20.933,-1,0,0,0.0,0.0,a710ebc9-c792-4bef-a581-f5005125a3e5.extra_data.json,e7FCb+MfnB,0,com.sec.android.app.shealth,0,-1,a710ebc9-c792-4bef-a581-f5005125a3e5,1640044800000,
0,0,90,0,2022-01-15 10:11:21.076,2022-01-15 10:11:21.076,-1,0,0,0.0,0.0,c36b133f-4e74-4f72-bfd8-ebef95364ec0.extra_data.json,e7FCb+MfnB,0,com.sec.android.app.shealth,0,-1,c36b133f-4e74-4f72-bfd8-ebef95364ec0,1640390400000,
0,0,90,0,2022-01-15 10:11:21.099,2022-01-15 10:11:21.099,-1,0,0,0.0,0.0,aebe55a8-9d26-4119-85bf-8d106eaed3f0.extra_data.json,e7FCb+MfnB,0,com.sec.android.app.shealth,0,-1,aebe55a8-9d26-4119-85bf-8d106eaed3f0,1640476800000,
0,0,90,0,2022-01-15 10:11:21.048,2022-01-15 10:11:21.048,-1,0,0,0.0,0.0,ea3692f7-fef4-4bf1-8c30-d22c8148e054.extra_data.json,e7FCb+MfnB,0,com.sec.android.app.shealth,0,-1,ea3692f7-fef4-4bf1-8c30-d22c8148e054,1640304000000,
0,0,90,0,2022-01-15 10:11:21.126,2022-01-15 10:11:21.126,-1,0,0,0.0,0.0,62232ae5-6405-443d-b30c-b54164edbed9.extra_data.json,e7FCb+MfnB,0,com.sec.android.app.shealth,0,-1,62232ae5-6405-443d-b30c-b54164edbed9,1640563200000,
0,0,90,0,2022-01-15 10:11:21.394,2022-01-15 10:11:21.394,-1,0,0,0.0,0.0,5ec4b5fb-0c89-4bf1-9225-58ed64dd8775.extra_data.json,e7FCb+MfnB,0,com.sec.android.app.shealth,0,-1,5ec4b5fb-0c89-4bf1-9225-58ed64dd8775,1640995200000,
0,0,90,0,2022-01-15 10:11:21.331,2022-01-15 10:11:21.331,-1,0,0,0.0,0.0,12be4fb4-2165-4f11-923a-bdcbe07fd339.extra_data.json,e7FCb+MfnB,0,com.sec.android.app.shealth,0,-1,12be4fb4-2165-4f11-923a-bdcbe07fd339,1640908800000,
0,0,90,0,2022-01-15 10:11:21.276,2022-01-15 10:11:21.276,-1,0,0,0.0,0.0,fc7a35f5-5533-473f-9cf3-78be33cc507b.extra_data.json,e7FCb+MfnB,0,com.sec.android.app.shealth,0,-1,fc7a35f5-5533-473f-9cf3-78be33cc507b,1640822400000,
0,0,90,0,2022-01-15 10:11:21.435,2022-01-15 10:11:21.435,-1,0,0,0.0,0.0,622f6b25-b0c6-4bcc-ab01-c0a701005450.extra_data.json,e7FCb+MfnB,0,com.sec.android.app.shealth,0,-1,622f6b25-b0c6-4bcc-ab01-c0a701005450,1641081600000,
0,0,90,0,2022-01-15 10:11:21.613,2022-01-15 10:11:21.613,-1,0,0,0.0,0.0,ab79f98b-388a-42f5-b82d-9936e565eae7.extra_data.json,e7FCb+MfnB,0,com.sec.android.app.shealth,0,-1,ab79f98b-388a-42f5-b82d-9936e565eae7,1641513600000,
0,0,90,0,2022-01-15 10:11:21.587,2022-01-15 10:11:21.587,-1,0,0,0.0,0.0,15287dff-5a31-4c5c-878a-63bd1ac54359.extra_data.json,e7FCb+MfnB,0,com.sec.android.app.shealth,0,-1,15287dff-5a31-4c5c-878a-63bd1ac54359,1641427200000,
0,0,90,0,2022-01-15 10:11:21.529,2022-01-15 10:11:21.529,-1,0,0,0.0,0.0,9a4f6920-8d44-4e23-8262-4dfe4f6aa552.extra_data.json,e7FCb+MfnB,0,com.sec.android.app.shealth,0,-1,9a4f6920-8d44-4e23-8262-4dfe4f6aa552,1641340800000,
0,0,90,0,2022-01-15 10:11:21.630,2022-01-15 10:11:21.630,-1,0,0,0.0,0.0,e2b14280-9a84-44fe-8937-d56f57ca576c.extra_data.json,e7FCb+MfnB,0,com.sec.android.app.shealth,0,-1,e2b14280-9a84-44fe-8937-d56f57ca576c,1641600000000,
0,0,90,0,2022-01-15 10:11:21.707,2022-01-15 10:11:21.707,-1,0,0,0.0,0.0,c905994a-19b4-4605-ab29-1d119b767329.extra_data.json,e7FCb+MfnB,0,com.sec.android.app.shealth,0,-1,c905994a-19b4-4605-ab29-1d119b767329,1641945600000,
0,0,90,0,2022-01-15 10:11:21.726,2022-01-15 10:11:21.726,-1,0,0,0.0,0.0,7b4dec5c-464c-4022-ac93-28497449cad8.extra_data.json,e7FCb+MfnB,0,com.sec.android.app.shealth,0,-1,7b4dec5c-464c-4022-ac93-28497449cad8,1642032000000,
0,0,90,0,2022-01-15 10:11:21.743,2022-01-15 10:11:21.743,-1,0,0,0.0,0.0,193c9467-a18a-4b7f-a29b-d15f676c5fff.extra_data.json,e7FCb+MfnB,0,com.sec.android.app.shealth,0,-1,193c9467-a18a-4b7f-a29b-d15f676c5fff,1642118400000,
15163,8513779,90,0,2022-01-19 20:58:38.145,2022-01-18 21:00:00.560,-1,735000,156,12370.75,638.0875,7a48150b-65a0-48c5-a777-973424780c93.extra_data.json,e7FCb+MfnB,254903,com.sec.android.app.shealth,8258876,29520000,7a48150b-65a0-48c5-a777-973424780c93,1642550400000,
0,0,90,0,2022-01-15 10:11:21.687,2022-01-15 10:11:21.687,-1,0,0,0.0,0.0,238e091a-b23e-4098-86e4-41bc1bc45cbb.extra_data.json,e7FCb+MfnB,0,com.sec.android.app.shealth,0,-1,238e091a-b23e-4098-86e4-41bc1bc45cbb,1641859200000,
14504,8611628,90,0,2022-01-20 20:55:01.779,2022-01-19 21:00:00.534,-1,1955000,158,11542.754,587.4431,8f0d8d5c-90b7-4e0b-b9f0-1181f67b313b.extra_data.json,e7FCb+MfnB,21829,com.sec.android.app.shealth,8589799,24480000,8f0d8d5c-90b7-4e0b-b9f0-1181f67b313b,1642636800000,
18310,10618079,90,0,2022-01-21 20:53:12.308,2022-01-20 21:00:00.518,-1,2369000,195,14642.085,746.154,dcf8d6ad-6c54-45f8-b942-cf3ca6a41605.extra_data.json,e7FCb+MfnB,44429,com.sec.android.app.shealth,10573650,29820000,dcf8d6ad-6c54-45f8-b942-cf3ca6a41605,1642723200000,
12229,7201789,90,0,2022-01-18 20:48:02.043,2022-01-17 21:00:00.493,-1,712000,132,9664.988,495.02988,8d829198-147f-468f-9e03-9752291a83e1.extra_data.json,e7FCb+MfnB,39947,com.sec.android.app.shealth,7161842,26040000,8d829198-147f-468f-9e03-9752291a83e1,1642464000000,
4338,2720331,90,1561726,2022-01-26 20:29:46.193,2022-01-25 21:00:00.445,-1,386000,48,8638.548,234.5776,f253bcd9-0f81-429b-8116-9bfb35aac889.extra_data.json,e7FCb+MfnB,22696,com.sec.android.app.shealth,1135909,34080000,f253bcd9-0f81-429b-8116-9bfb35aac889,1643155200000,
10153,5811068,90,4762687,2022-01-25 20:37:44.818,2022-01-24 21:00:00.290,-1,1902000,106,24722.344,585.7304,91a65cb6-0194-4f9c-b8d7-d1bc7348f500.extra_data.json,e7FCb+MfnB,13138,com.sec.android.app.shealth,1035243,34440000,91a65cb6-0194-4f9c-b8d7-d1bc7348f500,1643068800000,
15352,6150152,90,5352978,2022-01-27 21:00:00.589,2022-01-26 21:00:00.454,-1,659000,113,25681.5,600.1177,62ce9a9a-921f-450b-951e-bb1d3bb23750.extra_data.json,e7FCb+MfnB,17066,com.sec.android.app.shealth,780108,31980000,62ce9a9a-921f-450b-951e-bb1d3bb23750,1643241600000,
17244,8201630,90,3690115,2022-01-24 19:21:40.346,2022-01-23 21:00:01.014,-1,3060000,151,22915.793,701.15643,c9acf19b-fe0f-47cf-abab-e71e35b61d6f.extra_data.json,e7FCb+MfnB,37175,com.sec.android.app.shealth,4474340,34920000,c9acf19b-fe0f-47cf-abab-e71e35b61d6f,1642982400000,
10391,5822132,90,1372772,2022-02-01 19:58:20.049,2022-01-31 21:06:22.632,-1,1604000,106,13428.861,474.32053,d7829ee0-73c4-43fc-beb9-b7141ea9d9e9.extra_data.json,e7FCb+MfnB,11744,com.sec.android.app.shealth,4437616,30360000,d7829ee0-73c4-43fc-beb9-b7141ea9d9e9,1643673600000,
8494,3442460,90,2539873,2022-01-31 21:06:22.835,2022-01-30 21:00:00.387,-1,666000,62,14009.048,344.16635,4089a632-c19a-4c71-b302-5a1ddf283279.extra_data.json,e7FCb+MfnB,19297,com.sec.android.app.shealth,883290,26040000,4089a632-c19a-4c71-b302-5a1ddf283279,1643587200000,
1194,780645,90,0,2022-02-02 17:28:37.760,2022-02-01 21:00:01.831,-1,44689,13,991.5899,50.859993,72668941-a3e1-4c40-a175-0a607ba61002.extra_data.json,e7FCb+MfnB,23600,com.sec.android.app.shealth,757045,42540000,72668941-a3e1-4c40-a175-0a607ba61002,1643760000000,
10683,6375276,90,0,2022-01-30 18:53:35.324,2022-01-29 21:00:00.408,-1,1374824,116,8481.017,435.60153,dda3db5f-0c9b-428f-92b0-f935d80aae2f.extra_data.json,e7FCb+MfnB,27398,com.sec.android.app.shealth,6347878,26700000,dda3db5f-0c9b-428f-92b0-f935d80aae2f,1643500800000,
17471,9901206,90,3881037,2022-02-06 18:39:54.395,2022-02-05 21:00:00.572,-1,5120671,182,26113.7,836.429,c53480b3-704b-4d7f-a1ce-d579bbeffe76.extra_data.json,e7FCb+MfnB,7874,com.sec.android.app.shealth,6012295,39000000,c53480b3-704b-4d7f-a1ce-d579bbeffe76,1644105600000,
11582,7311357,90,6101502,2022-02-07 18:58:52.414,2022-02-06 21:00:00.465,-1,1176000,134,30234.018,720.6283,e55a8f25-d214-4a68-9514-27dc4c091b50.extra_data.json,e7FCb+MfnB,8800,com.sec.android.app.shealth,1201055,36360000,e55a8f25-d214-4a68-9514-27dc4c091b50,1644192000000,
12026,6740463,90,0,2022-02-08 20:59:00.088,2022-02-07 21:00:00.413,-1,3784000,124,9667.363,489.30756,8909a22b-344f-4be2-9cbb-be9640c8efae.extra_data.json,e7FCb+MfnB,6011,com.sec.android.app.shealth,6734452,27540000,8909a22b-344f-4be2-9cbb-be9640c8efae,1644278400000,
0,0,90,0,2022-01-15 10:11:20.969,2022-01-15 10:11:20.969,-1,0,0,0.0,0.0,73aaed74-0679-4274-b3fb-7270407e0d18.extra_data.json,e7FCb+MfnB,0,com.sec.android.app.shealth,0,-1,73aaed74-0679-4274-b3fb-7270407e0d18,1640131200000,
16672,10137848,90,5490763,2022-02-05 18:28:01.123,2022-02-04 21:00:00.492,-1,4068000,186,34507.258,946.1952,c3e0e760-8da9-4162-aeee-03239b0d2839.extra_data.json,e7FCb+MfnB,21510,com.sec.android.app.shealth,4625575,41460000,c3e0e760-8da9-4162-aeee-03239b0d2839,1644019200000,
26206,12944012,90,10746812,2022-02-13 19:35:01.539,2022-02-12 21:00:00.551,-1,961000,237,52560.25,1255.9044,6d7a1b13-20e2-401b-8031-385a355a922a.extra_data.json,e7FCb+MfnB,52528,com.sec.android.app.shealth,2144672,34680000,6d7a1b13-20e2-401b-8031-385a355a922a,1644710400000,
23181,13277668,90,0,2022-02-12 21:02:05.343,2022-02-11 21:00:00.421,-1,1714000,245,18877.576,947.8397,0ace687f-b0a3-40a2-ae3d-66da3bad7d1d.extra_data.json,e7FCb+MfnB,75902,com.sec.android.app.shealth,13201766,34200000,0ace687f-b0a3-40a2-ae3d-66da3bad7d1d,1644624000000,
23833,12439254,90,8090362,2022-02-14 21:00:00.663,2022-02-13 21:00:00.555,-1,817000,228,35638.887,976.16016,51460f68-6c51-4917-a6c3-95cc40ffb30a.extra_data.json,e7FCb+MfnB,112889,com.sec.android.app.shealth,4236003,33120000,51460f68-6c51-4917-a6c3-95cc40ffb30a,1644796800000,
0,0,90,0,2022-01-15 10:11:20.996,2022-01-15 10:11:20.996,-1,0,0,0.0,0.0,22d77c2b-7568-4109-b715-2616f72036e9.extra_data.json,e7FCb+MfnB,0,com.sec.android.app.shealth,0,-1,22d77c2b-7568-4109-b715-2616f72036e9,1640217600000,
0,0,90,0,2022-01-15 10:11:21.160,2022-01-15 10:11:21.160,-1,0,0,0.0,0.0,739fac4b-c4b9-4fde-b0f6-a78c12cfbfdb.extra_data.json,e7FCb+MfnB,0,com.sec.android.app.shealth,0,-1,739fac4b-c4b9-4fde-b0f6-a78c12cfbfdb,1640649600000,
12534,7476060,90,0,2022-02-19 19:34:50.442,2022-02-18 21:00:01.687,-1,2344000,137,10200.163,512.7745,8f897730-d10c-4427-9e18-2ddb8f3c0935.extra_data.json,e7FCb+MfnB,125600,com.sec.android.app.shealth,7350460,27960000,8f897730-d10c-4427-9e18-2ddb8f3c0935,1645228800000,
26022,14489245,90,0,2022-02-11 20:59:41.247,2022-02-10 21:00:00.455,-1,1842000,266,21111.953,1061.5532,4e86220f-824c-4cd5-9616-ed71fbe202b3.extra_data.json,e7FCb+MfnB,30500,com.sec.android.app.shealth,14458745,24240000,4e86220f-824c-4cd5-9616-ed71fbe202b3,1644537600000,
0,0,90,0,2022-01-15 10:11:21.469,2022-01-15 10:11:21.469,-1,0,0,0.0,0.0,21d5a28d-0cb3-43e9-876d-dc2cdf229e70.extra_data.json,e7FCb+MfnB,0,com.sec.android.app.shealth,0,-1,21d5a28d-0cb3-43e9-876d-dc2cdf229e70,1641168000000,
0,0,90,0,2022-01-15 10:11:21.208,2022-01-15 10:11:21.208,-1,0,0,0.0,0.0,0535ce21-82d9-47d2-bb81-c5f1ce7e53c3.extra_data.json,e7FCb+MfnB,0,com.sec.android.app.shealth,0,-1,0535ce21-82d9-47d2-bb81-c5f1ce7e53c3,1640736000000,
12105,7680684,90,7291452,2022-02-20 19:36:49.121,2022-02-19 21:00:02.111,-1,2634000,141,36507.098,823.1108,bebf2aa2-75dc-4000-b585-96a55327c7cf.extra_data.json,e7FCb+MfnB,5697,com.sec.android.app.shealth,383535,45420000,bebf2aa2-75dc-4000-b585-96a55327c7cf,1645315200000,
7488,4190208,90,0,2022-02-18 18:54:29.980,2022-02-17 21:00:00.410,-1,420000,76,6082.1084,308.3501,a56346e0-21ed-486f-bc8e-80d3cd741ed7.extra_data.json,e7FCb+MfnB,42540,com.sec.android.app.shealth,4147668,39660000,a56346e0-21ed-486f-bc8e-80d3cd741ed7,1645142400000,
7593,4064705,90,3336538,2022-02-17 20:53:49.593,2022-02-16 21:00:00.379,-1,1681000,73,20115.674,474.1802,9190a7cd-965b-40ac-97c8-c9ef0a89dc72.extra_data.json,e7FCb+MfnB,17268,com.sec.android.app.shealth,710899,28860000,9190a7cd-965b-40ac-97c8-c9ef0a89dc72,1645056000000,
0,0,90,0,2022-01-15 10:11:21.648,2022-01-15 10:11:21.648,-1,0,0,0.0,0.0,e93843a8-8541-4e8b-8a85-8d25d0d93eb9.extra_data.json,e7FCb+MfnB,0,com.sec.android.app.shealth,0,-1,e93843a8-8541-4e8b-8a85-8d25d0d93eb9,1641686400000,
7018,4396161,90,1887220,2022-02-25 21:00:01.442,2022-02-24 21:00:00.558,-1,673000,80,12374.1045,377.07068,0ae277ec-010b-4a83-820f-135aebdba69f.extra_data.json,e7FCb+MfnB,17991,com.sec.android.app.shealth,2490950,26820000,0ae277ec-010b-4a83-820f-135aebdba69f,1645747200000,
0,0,90,0,2022-01-15 10:11:21.499,2022-01-15 10:11:21.499,-1,0,0,0.0,0.0,e963cf2a-fe7b-46f2-a078-a4d408d3c263.extra_data.json,e7FCb+MfnB,0,com.sec.android.app.shealth,0,-1,e963cf2a-fe7b-46f2-a078-a4d408d3c263,1641254400000,
7550,4976048,90,2756325,2022-02-24 21:00:00.792,2022-02-23 21:00:01.215,-1,540000,91,15796.142,435.24988,dbd14bb3-55d4-4e4c-84db-423aa60a4505.extra_data.json,e7FCb+MfnB,6377,com.sec.android.app.shealth,2213346,31560000,dbd14bb3-55d4-4e4c-84db-423aa60a4505,1645660800000,
12657,7692891,90,0,2022-02-26 20:54:22.444,2022-02-25 21:00:01.097,-1,1052000,141,10100.33,511.6978,feeea359-c196-4e29-b578-823953610f67.extra_data.json,e7FCb+MfnB,20214,com.sec.android.app.shealth,7672677,36120000,feeea359-c196-4e29-b578-823953610f67,1645833600000,
40005,24227884,90,0,2022-01-16 20:59:20.449,2022-01-15 21:00:01.094,-1,2280000,447,32150.074,1448.476,384b1423-387f-41a8-a699-8ea09eb0f1e3.extra_data.json,e7FCb+MfnB,148701,com.sec.android.app.shealth,24079183,30000000,384b1423-387f-41a8-a699-8ea09eb0f1e3,1642291200000,
6956,4220386,90,0,2022-03-03 21:03:27.907,2022-03-02 21:00:00.616,-1,240000,77,5510.02,280.53995,b97a0eb7-f971-473f-9089-ebd610673149.extra_data.json,e7FCb+MfnB,18426,com.sec.android.app.shealth,4201960,33840000,b97a0eb7-f971-473f-9089-ebd610673149,1646265600000,
7945,4765329,90,0,2022-03-02 20:39:41.628,2022-03-01 21:00:01.068,-1,747000,87,6390.884,324.23703,7a159892-a94f-42e0-8f89-30ecca660331.extra_data.json,e7FCb+MfnB,12217,com.sec.android.app.shealth,4753112,31980000,7a159892-a94f-42e0-8f89-30ecca660331,1646179200000,
2560,1396321,90,0,2022-02-23 16:30:34.477,2022-02-22 21:00:00.496,-1,540000,25,2049.5698,102.999985,e1b1d0f4-9d56-41b2-8eab-1b7dfba11b58.extra_data.json,e7FCb+MfnB,4799,com.sec.android.app.shealth,1391522,36420000,e1b1d0f4-9d56-41b2-8eab-1b7dfba11b58,1645574400000,
13445,8389726,90,0,2022-03-04 20:55:52.937,2022-03-03 21:00:00.410,-1,900000,153,10952.397,555.73016,52f0399c-1462-4f40-bae6-ace642399253.extra_data.json,e7FCb+MfnB,49973,com.sec.android.app.shealth,8339753,24060000,52f0399c-1462-4f40-bae6-ace642399253,1646352000000,
0,0,90,0,2022-01-15 10:11:21.666,2022-01-15 10:11:21.666,-1,0,0,0.0,0.0,ac1d2683-9197-47f2-803c-27a1bc8f1ebc.extra_data.json,e7FCb+MfnB,0,com.sec.android.app.shealth,0,-1,ac1d2683-9197-47f2-803c-27a1bc8f1ebc,1641772800000,
8461,5047790,90,0,2022-03-08 20:17:18.021,2022-03-07 21:00:00.578,-1,540000,92,6774.5103,344.01,6c962287-7fdd-4927-a89f-c68001a7ce5e.extra_data.json,e7FCb+MfnB,23301,com.sec.android.app.shealth,5024489,25020000,6c962287-7fdd-4927-a89f-c68001a7ce5e,1646697600000,
20788,12408459,90,0,2022-01-22 21:02:37.947,2022-01-21 21:00:00.940,-1,1062000,228,16531.355,844.7831,e09bd942-1d78-4cda-8718-81282e250e98.extra_data.json,e7FCb+MfnB,45565,com.sec.android.app.shealth,12362894,29820000,e09bd942-1d78-4cda-8718-81282e250e98,1642809600000,
16639,9970559,90,0,2022-03-09 19:27:25.042,2022-03-08 21:00:00.566,-1,1800000,183,13089.833,674.97797,c96fb97c-a2ed-4c8a-976b-4ba716128cb0.extra_data.json,e7FCb+MfnB,11165,com.sec.android.app.shealth,9959394,35040000,c96fb97c-a2ed-4c8a-976b-4ba716128cb0,1646784000000,
7109,4509683,90,0,2022-03-10 20:23:52.649,2022-03-09 21:00:01.163,-1,1380000,82,5643.7427,288.93256,ae909414-8d4b-4a71-b77c-00934b2c965e.extra_data.json,e7FCb+MfnB,30291,com.sec.android.app.shealth,4479392,39000000,ae909414-8d4b-4a71-b77c-00934b2c965e,1646870400000,
6946,4316160,90,0,2022-03-01 21:00:01.226,2022-02-28 21:00:03.446,-1,360000,78,5578.668,286.0,73838189-5ac1-471f-a1f2-af451f4e5226.extra_data.json,e7FCb+MfnB,43107,com.sec.android.app.shealth,4273053,24300000,73838189-5ac1-471f-a1f2-af451f4e5226,1646092800000,
14869,8174612,90,0,2022-01-17 21:15:05.328,2022-01-16 21:00:00.956,-1,1023000,150,11921.108,606.6307,cc79f8ad-cd45-42b2-8713-4a0049780808.extra_data.json,e7FCb+MfnB,38423,com.sec.android.app.shealth,8136189,36300000,cc79f8ad-cd45-42b2-8713-4a0049780808,1642377600000,
18644,8912355,90,8593901,2022-01-28 20:26:26.226,2022-01-27 21:00:00.424,-1,2376000,164,40293.906,904.9789,f822b74a-626f-4c9b-a5d0-fc1936ffb514.extra_data.json,e7FCb+MfnB,6141,com.sec.android.app.shealth,312313,41460000,f822b74a-626f-4c9b-a5d0-fc1936ffb514,1643328000000,
16983,10402721,90,0,2022-03-14 20:53:48.013,2022-03-13 21:00:00.586,-1,2580000,192,13532.853,691.97754,8f8e4203-4649-4bd7-9e17-f52b51ddfed9.extra_data.json,e7FCb+MfnB,17043,com.sec.android.app.shealth,10385678,34320000,8f8e4203-4649-4bd7-9e17-f52b51ddfed9,1647216000000,
8617,5326207,90,0,2022-03-15 19:52:11.422,2022-03-14 21:00:01.373,-1,960000,97,6872.278,349.49295,7a2977ca-d3bc-45ac-8679-86e028b2942d.extra_data.json,e7FCb+MfnB,16352,com.sec.android.app.shealth,5309855,29160000,7a2977ca-d3bc-45ac-8679-86e028b2942d,1647302400000,
25286,14929069,90,0,2022-03-07 20:40:43.432,2022-03-06 21:00:00.553,-1,4200000,275,20024.621,1019.36053,f9dfdffa-fccb-4427-807e-f573f71a07ba.extra_data.json,e7FCb+MfnB,25642,com.sec.android.app.shealth,14903427,29160000,f9dfdffa-fccb-4427-807e-f573f71a07ba,1646611200000,
16156,9636753,90,0,2022-03-16 20:49:45.834,2022-03-15 21:00:02.649,-1,1560000,176,12888.091,659.0901,75610500-86c7-43a2-909b-4c9b4a4cdc20.extra_data.json,e7FCb+MfnB,36804,com.sec.android.app.shealth,9599949,28320000,75610500-86c7-43a2-909b-4c9b4a4cdc20,1647388800000,
13035,7619217,90,0,2022-01-23 20:08:35.034,2022-01-22 21:00:00.623,-1,1178000,140,10433.882,528.2005,92028adc-e0f1-48bd-a3e5-3104d65258f8.extra_data.json,e7FCb+MfnB,16051,com.sec.android.app.shealth,7603166,31320000,92028adc-e0f1-48bd-a3e5-3104d65258f8,1642896000000,
18407,10635062,90,0,2022-03-21 20:31:12.050,2022-03-20 21:00:00.399,-1,2580000,195,14559.109,748.50433,6c4a53c1-0d1f-4760-8e7c-4043c550596f.extra_data.json,e7FCb+MfnB,26832,com.sec.android.app.shealth,10608230,35340000,6c4a53c1-0d1f-4760-8e7c-4043c550596f,1647820800000,
4287,2810574,90,0,2022-02-03 20:32:06.319,2022-02-02 21:00:00.753,-1,300000,51,3573.0894,175.83,ae95d991-09a4-41e4-8165-c1ef12c58916.extra_data.json,e7FCb+MfnB,28699,com.sec.android.app.shealth,2781875,33600000,ae95d991-09a4-41e4-8165-c1ef12c58916,1643846400000,
8406,5188011,90,0,2022-03-13 21:00:09.733,2022-03-12 21:00:00.313,-1,720000,94,6647.3003,340.27005,6d0ece15-2431-4e18-9642-6260d28174a1.extra_data.json,e7FCb+MfnB,35707,com.sec.android.app.shealth,5152304,22920000,6d0ece15-2431-4e18-9642-6260d28174a1,1647129600000,
13441,8638529,90,5148316,2022-01-29 19:21:58.674,2022-01-28 21:00:00.474,-1,1523000,158,28733.893,763.92114,271b7d35-cff6-419f-ba9b-d223415fd213.extra_data.json,e7FCb+MfnB,9893,com.sec.android.app.shealth,3480320,28140000,271b7d35-cff6-419f-ba9b-d223415fd213,1643414400000,
26179,14530867,90,0,2022-03-27 18:45:30.351,2022-03-26 21:00:00.626,-1,4260000,268,20859.967,1062.4281,4a65f345-818f-4204-b0ef-61f8f742b250.extra_data.json,e7FCb+MfnB,6986,com.sec.android.app.shealth,14523881,31620000,4a65f345-818f-4204-b0ef-61f8f742b250,1648339200000,
21012,12115632,90,0,2022-03-20 19:57:51.713,2022-03-19 21:00:00.927,-1,4915500,223,16284.331,844.38605,7c3da464-b7ec-41c0-84f9-4060f2d9e0b0.extra_data.json,e7FCb+MfnB,11103,com.sec.android.app.shealth,12104529,18720000,7c3da464-b7ec-41c0-84f9-4060f2d9e0b0,1647734400000,
13077,6879348,90,0,2022-03-26 18:11:32.426,2022-03-25 21:00:00.425,-1,3840000,126,10490.118,529.50604,06088296-24cb-4549-b46c-9c915aaf5639.extra_data.json,e7FCb+MfnB,7474,com.sec.android.app.shealth,6871874,35820000,06088296-24cb-4549-b46c-9c915aaf5639,1648252800000,
14690,8332292,90,0,2022-03-19 20:39:31.884,2022-03-18 21:00:00.442,-1,2579024,153,11614.6455,595.5868,71bc8d81-e8d5-437a-bf6a-c6673185eb68.extra_data.json,e7FCb+MfnB,32610,com.sec.android.app.shealth,8299682,25320000,71bc8d81-e8d5-437a-bf6a-c6673185eb68,1647648000000,
17721,10649169,90,5738462,2022-02-09 21:00:00.615,2022-02-08 21:00:00.408,-1,2436000,196,33980.293,945.9561,95d50d74-1d3a-4089-b5e2-359617411c4f.extra_data.json,e7FCb+MfnB,42977,com.sec.android.app.shealth,4867730,34020000,95d50d74-1d3a-4089-b5e2-359617411c4f,1644364800000,
20550,12296999,90,0,2022-03-22 20:56:27.209,2022-03-21 21:00:00.542,-1,7680000,226,15943.459,827.6399,64ec3c9a-df0c-4cd7-91cd-0f118a327a07.extra_data.json,e7FCb+MfnB,14600,com.sec.android.app.shealth,12282399,26580000,64ec3c9a-df0c-4cd7-91cd-0f118a327a07,1647907200000,
18655,10594552,90,0,2022-04-02 21:11:55.928,2022-04-01 21:00:00.535,-1,1019149,195,15088.955,765.8192,b0111782-646a-40cd-89c3-6f64348e4487.extra_data.json,e7FCb+MfnB,61753,com.sec.android.app.shealth,10532799,15180000,b0111782-646a-40cd-89c3-6f64348e4487,1648857600000,
10261,6148416,90,5234533,2022-02-04 21:00:00.853,2022-02-03 21:00:00.303,-1,3164000,112,26341.934,617.8843,14ca535c-b169-41da-9686-b89bd9237b59.extra_data.json,e7FCb+MfnB,23541,com.sec.android.app.shealth,890342,30180000,14ca535c-b169-41da-9686-b89bd9237b59,1643932800000,
14460,8304439,90,0,2022-04-08 20:08:33.182,2022-04-07 21:00:00.539,-1,1649000,152,11799.146,600.77875,209c82df-90cc-4d04-89a2-024bfef6e44f.extra_data.json,e7FCb+MfnB,51326,com.sec.android.app.shealth,8253113,32340000,209c82df-90cc-4d04-89a2-024bfef6e44f,1649376000000,
8631,4999702,90,0,2022-04-01 20:22:46.491,2022-03-31 21:00:01.787,-1,720000,91,6820.7134,348.61337,7379ee29-ed83-4df4-bf4d-53eff3ab504c.extra_data.json,e7FCb+MfnB,22995,com.sec.android.app.shealth,4976707,29220000,7379ee29-ed83-4df4-bf4d-53eff3ab504c,1648771200000,
10571,5935720,90,0,2022-03-25 21:00:00.615,2022-03-24 21:00:00.563,-1,720000,108,8394.139,428.69284,f887e6b7-f60a-4d89-9496-018618f8fb29.extra_data.json,e7FCb+MfnB,24865,com.sec.android.app.shealth,5910855,30000000,f887e6b7-f60a-4d89-9496-018618f8fb29,1648166400000,
23321,13521822,90,4941893,2022-02-10 20:51:51.430,2022-02-09 21:00:00.332,-1,3624000,248,35431.027,1137.2804,93357357-36b7-450d-9286-8701fe5eb1fb.extra_data.json,e7FCb+MfnB,6624,com.sec.android.app.shealth,8573305,33180000,93357357-36b7-450d-9286-8701fe5eb1fb,1644451200000,
19114,10815895,90,1999158,2022-02-15 16:59:23.228,2022-02-14 21:00:00.380,-1,1649000,198,22547.83,850.9905,36d71167-1913-46d8-a863-860cc8ec89a2.extra_data.json,e7FCb+MfnB,26797,com.sec.android.app.shealth,8789940,34260000,36d71167-1913-46d8-a863-860cc8ec89a2,1644883200000,
14389,8640441,90,0,2022-04-07 21:01:18.512,2022-04-06 21:00:00.441,-1,780000,158,11415.92,590.84625,44d0e54a-ae3a-4229-92b1-0abe246f7f54.extra_data.json,e7FCb+MfnB,87238,com.sec.android.app.shealth,8553203,26160000,44d0e54a-ae3a-4229-92b1-0abe246f7f54,1649289600000,
14511,8368232,90,0,2022-03-31 21:22:10.253,2022-03-30 21:00:00.463,-1,1560000,153,11605.575,591.9707,7f37f157-cbe3-419e-82db-2007c28672c5.extra_data.json,e7FCb+MfnB,28309,com.sec.android.app.shealth,8339923,33240000,7f37f157-cbe3-419e-82db-2007c28672c5,1648684800000,
26838,15152639,90,0,2022-03-28 20:01:20.536,2022-03-27 21:00:00.666,-1,4360433,278,21285.807,1092.2511,2f86d249-b422-47d7-bb5e-a2d3be219ca2.extra_data.json,e7FCb+MfnB,43603,com.sec.android.app.shealth,15109036,30000000,2f86d249-b422-47d7-bb5e-a2d3be219ca2,1648425600000,
3914,2381551,90,0,2022-04-14 17:17:18.307,2022-04-13 21:00:00.387,-1,540000,43,3131.8699,158.37,943a3fec-870a-4c0d-8e2d-69c96c24a3b8.extra_data.json,e7FCb+MfnB,6381,com.sec.android.app.shealth,2375170,28020000,943a3fec-870a-4c0d-8e2d-69c96c24a3b8,1649894400000,
4241,2602857,90,1850930,2022-02-21 21:00:00.586,2022-02-20 21:00:00.430,-1,360000,47,10234.964,255.50008,b3901ab0-e5d5-47e0-9e5d-a56b0e617e2d.extra_data.json,e7FCb+MfnB,15318,com.sec.android.app.shealth,736609,38520000,b3901ab0-e5d5-47e0-9e5d-a56b0e617e2d,1645401600000,
8224,4694204,90,3777750,2022-02-16 21:00:00.649,2022-02-15 21:00:00.662,-1,2096000,86,21140.475,501.5232,0e798535-140b-440a-bd2f-2e004810fbe0.extra_data.json,e7FCb+MfnB,8322,com.sec.android.app.shealth,908132,33660000,0e798535-140b-440a-bd2f-2e004810fbe0,1644969600000,
13035,7597100,90,0,2022-04-06 19:20:10.001,2022-04-05 21:00:00.546,-1,1260000,138,10481.041,535.5356,b696a925-7ee8-441b-80bb-2aabdaba37be.extra_data.json,e7FCb+MfnB,37254,com.sec.android.app.shealth,7559846,29580000,b696a925-7ee8-441b-80bb-2aabdaba37be,1649203200000,
13396,7193784,90,0,2022-04-20 19:28:29.116,2022-04-19 21:00:00.515,-1,1320000,132,10990.721,553.96106,f234dbae-8fb3-4ef2-acef-e4fc62fd71df.extra_data.json,e7FCb+MfnB,25842,com.sec.android.app.shealth,7167942,34140000,f234dbae-8fb3-4ef2-acef-e4fc62fd71df,1650412800000,
8183,5083468,90,0,2022-04-13 20:17:00.127,2022-04-12 21:00:00.662,-1,420000,93,6451.4194,328.8299,ccc1c206-bdda-4db4-b9bd-3d3635e17ddd.extra_data.json,e7FCb+MfnB,17631,com.sec.android.app.shealth,5065837,25320000,ccc1c206-bdda-4db4-b9bd-3d3635e17ddd,1649808000000,
16021,9700143,90,0,2022-02-27 20:11:01.325,2022-02-26 21:00:00.598,-1,1320000,177,12746.142,650.84985,12c7c6a5-68f0-4085-89b6-396d7f13468d.extra_data.json,e7FCb+MfnB,46764,com.sec.android.app.shealth,9653379,16500000,12c7c6a5-68f0-4085-89b6-396d7f13468d,1645920000000,
16090,9433203,90,0,2022-04-12 20:59:41.581,2022-04-11 21:00:00.608,-1,1347000,173,12807.511,649.5731,01ecc254-1f5a-42d1-8c4f-34f1a2f64dcb.extra_data.json,e7FCb+MfnB,30791,com.sec.android.app.shealth,9402412,23520000,01ecc254-1f5a-42d1-8c4f-34f1a2f64dcb,1649721600000,
13422,9069848,90,8813863,2022-02-22 21:00:00.867,2022-02-21 21:00:00.358,-1,981000,166,36153.8,810.7063,2d1311a9-9124-46a2-8714-ac2b4fe44bf0.extra_data.json,e7FCb+MfnB,3190,com.sec.android.app.shealth,252795,29520000,2d1311a9-9124-46a2-8714-ac2b4fe44bf0,1645488000000,
13404,7777247,90,0,2022-04-19 20:25:14.909,2022-04-18 21:00:01.348,-1,1800000,143,10634.442,540.62726,31962750-711b-41ea-95f9-9fcb23ce2156.extra_data.json,e7FCb+MfnB,16769,com.sec.android.app.shealth,7760478,36120000,31962750-711b-41ea-95f9-9fcb23ce2156,1650326400000,
17661,9962731,90,0,2022-04-03 20:18:12.062,2022-04-02 21:00:00.539,-1,2520000,183,14050.2705,716.4685,c773312e-4206-41c3-b6a7-cf5e55ea9668.extra_data.json,e7FCb+MfnB,22468,com.sec.android.app.shealth,9940263,31980000,c773312e-4206-41c3-b6a7-cf5e55ea9668,1648944000000,
13119,7912862,90,0,2022-03-05 20:50:12.732,2022-03-04 21:00:00.466,-1,954000,145,10395.9375,526.9541,3944b048-9709-4b52-a76f-87312ca3d53d.extra_data.json,e7FCb+MfnB,20916,com.sec.android.app.shealth,7891946,34560000,3944b048-9709-4b52-a76f-87312ca3d53d,1646438400000,
9692,5948505,90,0,2022-02-28 20:59:14.357,2022-02-27 21:00:01.367,-1,300000,108,7769.06,397.8199,2a653021-112f-48ca-bf8a-ea9853f1eab2.extra_data.json,e7FCb+MfnB,20425,com.sec.android.app.shealth,5928080,25380000,2a653021-112f-48ca-bf8a-ea9853f1eab2,1646006400000,
13225,7621958,90,0,2022-04-25 21:00:00.805,2022-04-24 21:00:00.562,-1,1140000,140,10765.068,540.374,a506127f-0424-4c71-becc-3c7e210707b5.extra_data.json,e7FCb+MfnB,42467,com.sec.android.app.shealth,7579491,30300000,a506127f-0424-4c71-becc-3c7e210707b5,1650844800000,
14300,7886667,90,0,2022-04-09 18:57:00.519,2022-04-08 21:00:01.255,-1,1800000,144,11555.283,581.9564,e1c0343a-4529-4941-9360-11e0fd402de5.extra_data.json,e7FCb+MfnB,31131,com.sec.android.app.shealth,7855536,26700000,e1c0343a-4529-4941-9360-11e0fd402de5,1649462400000,
10746,6008982,90,0,2022-04-18 21:00:01.570,2022-04-17 21:00:02.224,-1,1020000,110,8847.408,443.67896,3a05f4be-c63d-493d-8a55-6dae7000ed28.extra_data.json,e7FCb+MfnB,37461,com.sec.android.app.shealth,5971521,30420000,3a05f4be-c63d-493d-8a55-6dae7000ed28,1650240000000,
7481,4405723,90,0,2022-04-26 19:58:01.739,2022-04-25 21:00:00.649,-1,900000,81,6028.081,303.48,cd2ac9b7-2480-4197-a86f-afe86fd74559.extra_data.json,e7FCb+MfnB,7705,com.sec.android.app.shealth,4398018,37020000,cd2ac9b7-2480-4197-a86f-afe86fd74559,1650931200000,
14252,8145613,90,0,2022-03-11 20:48:35.545,2022-03-10 21:00:00.447,-1,2820000,150,11303.898,576.81696,f1366079-c2ec-493d-a809-91290b78ce0d.extra_data.json,e7FCb+MfnB,17552,com.sec.android.app.shealth,8128061,31080000,f1366079-c2ec-493d-a809-91290b78ce0d,1646956800000,
24929,14147930,90,4693337,2022-04-24 20:39:28.108,2022-04-23 21:00:00.557,-1,1259041,260,39405.68,1274.5547,c65a7d96-8f60-46f3-90c8-5e288f55166f.extra_data.json,e7FCb+MfnB,161435,com.sec.android.app.shealth,9293158,30900000,c65a7d96-8f60-46f3-90c8-5e288f55166f,1650758400000,
9718,5679658,90,1169143,2022-05-01 19:41:58.480,2022-04-30 21:00:00.424,-1,1020000,103,12622.847,455.75275,349ba8e3-1e36-4664-94ff-94987fd18e4e.extra_data.json,e7FCb+MfnB,17440,com.sec.android.app.shealth,4493075,27420000,349ba8e3-1e36-4664-94ff-94987fd18e4e,1651363200000,
22216,12917326,90,0,2022-04-15 20:58:41.799,2022-04-14 21:00:02.360,-1,2760000,238,17577.229,907.6085,7c096cb1-b99e-4fb3-b520-0a0ff9e4fe2a.extra_data.json,e7FCb+MfnB,11313,com.sec.android.app.shealth,12906013,17820000,7c096cb1-b99e-4fb3-b520-0a0ff9e4fe2a,1649980800000,
12513,7607479,90,0,2022-03-06 20:29:23.665,2022-03-05 21:00:00.477,-1,1380000,140,10053.657,509.97855,aec80812-cfa1-4a87-aaf6-cff6d6e9599e.extra_data.json,e7FCb+MfnB,37585,com.sec.android.app.shealth,7569894,31980000,aec80812-cfa1-4a87-aaf6-cff6d6e9599e,1646524800000,
7082,4046504,90,0,2022-04-21 20:15:03.323,2022-04-20 21:00:01.666,-1,480000,73,5749.4814,289.98,33a3e64c-75a9-473b-a1ec-eeae1d564a90.extra_data.json,e7FCb+MfnB,29642,com.sec.android.app.shealth,4016862,32820000,33a3e64c-75a9-473b-a1ec-eeae1d564a90,1650499200000,
13126,7480674,90,3401433,2022-05-02 21:00:00.682,2022-05-01 21:00:00.759,-1,1907000,136,24003.768,687.449,1b7073c7-8a5d-4652-889c-4ae322bf3966.extra_data.json,e7FCb+MfnB,14780,com.sec.android.app.shealth,4064461,14820000,1b7073c7-8a5d-4652-889c-4ae322bf3966,1651449600000,
11787,6744635,90,0,2022-03-17 19:43:07.273,2022-03-16 21:00:00.354,-1,1020000,124,9475.233,481.76468,2a8e04cb-1cb0-40c5-be23-545f25452a88.extra_data.json,e7FCb+MfnB,9127,com.sec.android.app.shealth,6735508,38520000,2a8e04cb-1cb0-40c5-be23-545f25452a88,1647475200000,
7170,4387940,90,0,2022-03-12 21:00:00.472,2022-03-11 21:00:00.325,-1,1200000,80,5817.6196,296.9901,367621da-eb86-43c9-9083-4fcd67d89caa.extra_data.json,e7FCb+MfnB,47659,com.sec.android.app.shealth,4340281,33120000,367621da-eb86-43c9-9083-4fcd67d89caa,1647043200000,
14302,7640856,90,2086396,2022-04-30 18:27:48.706,2022-04-29 21:00:01.870,-1,2880000,140,20320.023,684.67377,c8940f4e-3db0-40b2-b50d-2c3169304013.extra_data.json,e7FCb+MfnB,12239,com.sec.android.app.shealth,5542221,33660000,c8940f4e-3db0-40b2-b50d-2c3169304013,1651276800000,
15837,8434322,90,7746282,2022-05-08 21:00:00.999,2022-05-07 21:00:00.530,-1,1642245,155,42422.887,965.6624,e45663e6-6480-4050-b784-0be2a0b068e8.extra_data.json,e7FCb+MfnB,12693,com.sec.android.app.shealth,675347,35820000,e45663e6-6480-4050-b784-0be2a0b068e8,1651968000000,
15794,8619188,90,5920683,2022-05-07 19:45:15.530,2022-05-06 21:00:00.607,-1,1343000,157,35782.297,900.1145,829c3e87-b567-4986-acdf-10a2976405e0.extra_data.json,e7FCb+MfnB,14284,com.sec.android.app.shealth,2684221,38640000,829c3e87-b567-4986-acdf-10a2976405e0,1651881600000,
7887,4501845,90,0,2022-03-18 20:59:59.858,2022-03-17 21:00:00.572,-1,540000,82,6232.8003,315.85995,9f8a31c9-34b4-4e27-b5e0-ea09bb2b5bf7.extra_data.json,e7FCb+MfnB,4400,com.sec.android.app.shealth,4497445,30780000,9f8a31c9-34b4-4e27-b5e0-ea09bb2b5bf7,1647561600000,
16295,9399304,90,0,2022-03-23 19:15:02.582,2022-03-22 21:00:00.892,-1,3360000,173,12959.616,664.9842,143417c8-0b34-4a1f-9c65-78daa6c417ea.extra_data.json,e7FCb+MfnB,6332,com.sec.android.app.shealth,9392972,25080000,143417c8-0b34-4a1f-9c65-78daa6c417ea,1647993600000,
7636,4508655,90,0,2022-04-27 20:49:38.949,2022-04-26 21:00:00.528,-1,1319551,82,6182.1514,319.87247,d984da62-0045-4f3b-b222-c9349c3ce7e5.extra_data.json,e7FCb+MfnB,51261,com.sec.android.app.shealth,4457394,32160000,d984da62-0045-4f3b-b222-c9349c3ce7e5,1651017600000,
19480,11131068,90,0,2022-05-14 20:55:31.675,2022-05-13 21:00:00.399,-1,3420000,205,15472.3955,789.7769,fffc3070-54fe-4b20-a2e9-249fdd488b16.extra_data.json,e7FCb+MfnB,20126,com.sec.android.app.shealth,11110942,29400000,fffc3070-54fe-4b20-a2e9-249fdd488b16,1652486400000,
13329,7696203,90,0,2022-03-24 20:12:56.186,2022-03-23 21:00:00.505,-1,1320000,142,10639.067,543.688,8f0ee825-c40f-4148-9a8c-4317f60df67a.extra_data.json,e7FCb+MfnB,12000,com.sec.android.app.shealth,7684203,30060000,8f0ee825-c40f-4148-9a8c-4317f60df67a,1648080000000,
10214,6242783,90,0,2022-05-13 20:25:41.124,2022-05-12 21:00:00.614,-1,839558,114,8169.719,419.4935,2795c4b0-82dc-40b4-a268-ddfcac190498.extra_data.json,e7FCb+MfnB,49809,com.sec.android.app.shealth,6192974,37200000,2795c4b0-82dc-40b4-a268-ddfcac190498,1652400000000,
23397,12444391,90,9589946,2022-05-06 19:57:29.956,2022-05-05 21:00:00.319,-1,1409000,228,53489.344,1303.7625,124a7daa-8d39-4e9e-bec8-da0234ce2867.extra_data.json,e7FCb+MfnB,51177,com.sec.android.app.shealth,2803268,28440000,124a7daa-8d39-4e9e-bec8-da0234ce2867,1651795200000,
12965,7668150,90,6910230,2022-05-03 21:00:00.788,2022-05-02 21:00:00.388,-1,1082000,141,36044.69,826.47546,5df64b57-00fc-4122-867f-460eb5446dc0.extra_data.json,e7FCb+MfnB,10901,com.sec.android.app.shealth,747019,40500000,5df64b57-00fc-4122-867f-460eb5446dc0,1651536000000,
20537,12026560,90,0,2022-05-20 20:41:47.377,2022-05-19 21:00:00.542,-1,5100000,221,16284.278,834.35004,824486aa-042d-49b7-839f-6824b3a63550.extra_data.json,e7FCb+MfnB,36593,com.sec.android.app.shealth,11989967,27660000,824486aa-042d-49b7-839f-6824b3a63550,1653004800000,
10537,6108083,90,0,2022-03-29 19:55:40.523,2022-03-28 21:00:00.568,-1,1440000,112,8410.886,431.54654,481e97d8-c13c-4d68-9c10-64947e141046.extra_data.json,e7FCb+MfnB,18817,com.sec.android.app.shealth,6089266,33060000,481e97d8-c13c-4d68-9c10-64947e141046,1648512000000,
21475,9455339,90,7724242,2022-05-09 18:55:48.929,2022-05-08 21:00:00.716,-1,1303000,174,38595.168,924.09406,ff6c16a1-1722-4dca-98b4-43d74216a9f7.extra_data.json,e7FCb+MfnB,22395,com.sec.android.app.shealth,1708702,23940000,ff6c16a1-1722-4dca-98b4-43d74216a9f7,1652054400000,
13302,7590801,90,0,2022-03-30 19:55:09.958,2022-03-29 21:00:00.496,-1,2615000,140,10510.583,537.0088,909f44e8-3d1b-49e3-a31a-9291855f0e19.extra_data.json,e7FCb+MfnB,12492,com.sec.android.app.shealth,7578309,29880000,909f44e8-3d1b-49e3-a31a-9291855f0e19,1648598400000,
11607,6626183,90,0,2022-05-12 18:09:14.542,2022-05-11 21:00:00.589,-1,960000,122,9259.377,471.4703,cc5a0756-af0d-4eb5-8bbc-08c21709eaf1.extra_data.json,e7FCb+MfnB,9069,com.sec.android.app.shealth,6617114,36240000,cc5a0756-af0d-4eb5-8bbc-08c21709eaf1,1652313600000,
7070,4108967,90,0,2022-05-19 20:37:39.060,2022-05-18 21:00:00.505,-1,840000,75,5600.195,284.25195,48cbddd7-9124-4def-ad21-d3802d816a61.extra_data.json,e7FCb+MfnB,18385,com.sec.android.app.shealth,4090582,34140000,48cbddd7-9124-4def-ad21-d3802d816a61,1652918400000,
10748,6370632,90,0,2022-04-04 20:09:53.411,2022-04-03 21:00:00.542,-1,660000,116,8615.451,440.03888,afaedb60-ef14-4fcd-b478-2fdccc344ba7.extra_data.json,e7FCb+MfnB,42094,com.sec.android.app.shealth,6328538,26580000,afaedb60-ef14-4fcd-b478-2fdccc344ba7,1649030400000,
27493,15573474,90,0,2022-04-05 21:19:52.978,2022-04-04 21:00:00.270,-1,4140000,287,21604.6,1111.6625,b4776ee3-9eae-469a-8464-33627cb416f3.extra_data.json,e7FCb+MfnB,19741,com.sec.android.app.shealth,15553733,29400000,b4776ee3-9eae-469a-8464-33627cb416f3,1649116800000,
15332,9353587,90,0,2022-05-26 21:00:00.909,2022-05-25 21:00:00.474,-1,1117000,172,12340.41,633.9427,fc0a9593-b999-4bbb-9aa0-234672a6f77e.extra_data.json,e7FCb+MfnB,67903,com.sec.android.app.shealth,9285684,29100000,fc0a9593-b999-4bbb-9aa0-234672a6f77e,1653523200000,
21138,12059766,90,0,2022-05-25 19:42:47.098,2022-05-24 21:00:03.167,-1,2279820,222,16879.703,859.3786,d52380f4-61cf-417f-89ae-23b49ae7ac23.extra_data.json,e7FCb+MfnB,29178,com.sec.android.app.shealth,12030588,30960000,d52380f4-61cf-417f-89ae-23b49ae7ac23,1653436800000,
20041,11870683,90,1371036,2022-05-31 21:00:00.414,2022-05-30 21:00:00.524,-1,1800000,217,22598.188,915.7,14d75cdd-b764-4697-924a-b83af976f8e3.extra_data.json,e7FCb+MfnB,67658,com.sec.android.app.shealth,10431989,24240000,14d75cdd-b764-4697-924a-b83af976f8e3,1653955200000,
10859,6418329,90,0,2022-05-18 18:15:07.467,2022-05-17 21:00:00.623,-1,900000,117,8760.348,445.2973,b73eeb5c-51a1-4bd2-ab28-d3362f41fd00.extra_data.json,e7FCb+MfnB,39165,com.sec.android.app.shealth,6379164,30240000,b73eeb5c-51a1-4bd2-ab28-d3362f41fd00,1652832000000,
13785,7717291,90,0,2022-04-10 20:38:44.836,2022-04-09 21:00:01.396,-1,1380000,142,11041.3545,558.96405,7b2c0c3f-c421-4b91-8011-2cc3912b4f08.extra_data.json,e7FCb+MfnB,21196,com.sec.android.app.shealth,7696095,35280000,7b2c0c3f-c421-4b91-8011-2cc3912b4f08,1649548800000,
19180,11049094,90,0,2022-05-15 21:41:02.022,2022-05-14 21:00:00.551,-1,1500000,203,15210.139,776.9545,93383707-e442-48f5-8ec7-bbef3e0756a4.extra_data.json,e7FCb+MfnB,45126,com.sec.android.app.shealth,11003968,27720000,93383707-e442-48f5-8ec7-bbef3e0756a4,1652572800000,
19734,11398366,90,0,2022-04-11 21:03:22.472,2022-04-10 21:00:00.479,-1,2520000,210,15581.165,802.5437,ad4f22f3-bffc-4368-8d6d-5274c90e981f.extra_data.json,e7FCb+MfnB,75849,com.sec.android.app.shealth,11322517,23940000,ad4f22f3-bffc-4368-8d6d-5274c90e981f,1649635200000,
20260,11239520,90,0,2022-06-01 21:04:02.645,2022-05-31 21:00:00.321,-1,3600000,206,16201.523,820.87146,71a945e6-5d6e-4724-a1b3-514673e6742e.extra_data.json,e7FCb+MfnB,51731,com.sec.android.app.shealth,11187789,27540000,71a945e6-5d6e-4724-a1b3-514673e6742e,1654041600000,
13328,7774309,90,0,2022-04-17 20:54:57.649,2022-04-16 21:00:00.616,-1,1200000,142,10501.337,539.61005,a3448d67-43a6-4a86-94ea-6a3b45dcf35c.extra_data.json,e7FCb+MfnB,49593,com.sec.android.app.shealth,7724716,36780000,a3448d67-43a6-4a86-94ea-6a3b45dcf35c,1650153600000,
8311,4528638,90,0,2022-04-16 20:58:20.241,2022-04-15 21:00:00.572,-1,1140000,83,6846.478,343.3162,9e69a548-7ba6-426e-9970-cd78438e73a4.extra_data.json,e7FCb+MfnB,9149,com.sec.android.app.shealth,4519489,30180000,9e69a548-7ba6-426e-9970-cd78438e73a4,1650067200000,
18397,11078937,90,0,2022-06-06 21:00:00.895,2022-06-05 21:00:00.741,-1,1048000,203,14714.629,749.1911,362b7d64-4cd2-44eb-a9c1-1e6219ec79a8.extra_data.json,e7FCb+MfnB,40473,com.sec.android.app.shealth,11038464,20760000,362b7d64-4cd2-44eb-a9c1-1e6219ec79a8,1654473600000,
21144,12121727,90,0,2022-05-24 21:04:23.172,2022-05-23 21:00:02.077,-1,3300000,223,16702.195,852.6964,068b7877-4920-4b1c-9131-07b502ffb838.extra_data.json,e7FCb+MfnB,25076,com.sec.android.app.shealth,12096651,33840000,068b7877-4920-4b1c-9131-07b502ffb838,1653350400000,
21506,12532699,90,0,2022-06-07 20:59:23.146,2022-06-06 21:00:00.725,-1,840000,231,17416.348,871.62286,d5aef544-4e60-4fc4-a3a3-9a699af4f41e.extra_data.json,e7FCb+MfnB,83772,com.sec.android.app.shealth,12448927,20880000,d5aef544-4e60-4fc4-a3a3-9a699af4f41e,1654560000000,
12239,6995836,90,5967082,2022-06-12 21:00:01.071,2022-06-11 21:00:00.327,-1,5007000,128,31311.115,730.24225,112436fb-3336-4b41-a91e-197fd9778833.extra_data.json,e7FCb+MfnB,6000,com.sec.android.app.shealth,1022754,33660000,112436fb-3336-4b41-a91e-197fd9778833,1654992000000,
14145,8002244,90,0,2022-05-21 21:28:10.571,2022-05-20 21:00:00.509,-1,2520000,147,11217.951,573.6325,35d9578c-3e51-49ae-ab12-b133df4dba19.extra_data.json,e7FCb+MfnB,10000,com.sec.android.app.shealth,7992244,33540000,35d9578c-3e51-49ae-ab12-b133df4dba19,1653091200000,
13830,8036185,90,0,2022-04-22 21:32:47.363,2022-04-21 21:00:00.639,-1,3000000,147,10982.932,560.75653,fdcad83e-6df2-4cec-a9bb-38b48215918b.extra_data.json,e7FCb+MfnB,28326,com.sec.android.app.shealth,8007859,30240000,fdcad83e-6df2-4cec-a9bb-38b48215918b,1650585600000,
10258,6641899,90,6081927,2022-06-13 21:00:01.319,2022-06-12 21:00:00.474,-1,599000,122,29783.904,678.6098,5db39856-fc0f-4670-a469-859d58bbdf03.extra_data.json,e7FCb+MfnB,10950,com.sec.android.app.shealth,549022,30060000,5db39856-fc0f-4670-a469-859d58bbdf03,1655078400000,
14383,7986165,90,0,2022-04-23 20:48:47.584,2022-04-22 21:00:00.531,-1,1500000,146,11668.064,588.24994,7073d191-e1f5-4a1f-8f08-2406bc6a1b48.extra_data.json,e7FCb+MfnB,49845,com.sec.android.app.shealth,7936320,28500000,7073d191-e1f5-4a1f-8f08-2406bc6a1b48,1650672000000,
23334,13583340,90,0,2022-05-30 20:15:55.454,2022-05-29 21:00:00.549,-1,1860000,251,18569.545,942.62,fded1da4-a96d-4d77-96c7-0f3ee59b39d5.extra_data.json,e7FCb+MfnB,73979,com.sec.android.app.shealth,13509361,14880000,fded1da4-a96d-4d77-96c7-0f3ee59b39d5,1653868800000,
18629,11787606,90,9671309,2022-06-18 21:00:01.228,2022-06-17 21:00:01.750,-1,766000,216,47708.56,1140.757,e9c80670-dcd6-4695-bf83-c7162017c85d.extra_data.json,e7FCb+MfnB,41943,com.sec.android.app.shealth,2074354,25920000,e9c80670-dcd6-4695-bf83-c7162017c85d,1655510400000,
14882,8224938,90,0,2022-04-29 20:28:21.223,2022-04-28 21:00:00.565,-1,1299000,151,12159.103,614.93475,a7f4ef44-703f-44d0-b0ff-db9c40af750c.extra_data.json,e7FCb+MfnB,32681,com.sec.android.app.shealth,8192257,25620000,a7f4ef44-703f-44d0-b0ff-db9c40af750c,1651190400000,
14421,8005082,90,0,2022-05-27 19:54:34.297,2022-05-26 21:00:00.742,-1,1736000,146,11564.114,587.8432,535e28fb-b005-4196-bea6-b77b2924ff3a.extra_data.json,e7FCb+MfnB,28572,com.sec.android.app.shealth,7976510,35040000,535e28fb-b005-4196-bea6-b77b2924ff3a,1653609600000,
12306,6745959,90,3736273,2022-06-19 20:14:59.815,2022-06-18 21:00:00.527,-1,915927,124,23540.846,637.98364,e1fd8d36-1bce-4426-8acf-db3175a212b2.extra_data.json,e7FCb+MfnB,44762,com.sec.android.app.shealth,2964924,29520000,e1fd8d36-1bce-4426-8acf-db3175a212b2,1655596800000,
17149,9804047,90,0,2022-04-28 20:53:32.706,2022-04-27 21:00:00.439,-1,1080000,180,13724.414,701.0567,f478b28f-678d-4c0a-9b33-396c55d58d99.extra_data.json,e7FCb+MfnB,36175,com.sec.android.app.shealth,9767872,28680000,f478b28f-678d-4c0a-9b33-396c55d58d99,1651104000000,
13950,7754807,90,394270,2022-06-24 20:51:32.249,2022-06-23 21:00:00.389,-1,1619897,142,13164.705,595.11255,34063445-951c-47ee-9e6a-b3a3157e1cfe.extra_data.json,e7FCb+MfnB,44600,com.sec.android.app.shealth,7315937,41700000,34063445-951c-47ee-9e6a-b3a3157e1cfe,1656028800000,
19317,11083108,90,0,2022-06-05 20:54:16.416,2022-06-04 21:00:00.689,-1,2100000,203,15569.381,789.6814,2ef5e365-baaf-47e0-a712-14ecc18e8bb3.extra_data.json,e7FCb+MfnB,50827,com.sec.android.app.shealth,11032281,23220000,2ef5e365-baaf-47e0-a712-14ecc18e8bb3,1654387200000,
17020,9561013,90,0,2022-06-02 20:18:46.106,2022-06-01 21:00:00.604,-1,1344743,175,13791.018,694.38116,1688cfc1-a848-4c05-89a3-3634d3227aa5.extra_data.json,e7FCb+MfnB,28892,com.sec.android.app.shealth,9532121,29340000,1688cfc1-a848-4c05-89a3-3634d3227aa5,1654128000000,
17152,9687725,90,8018871,2022-05-05 21:00:00.620,2022-05-04 21:00:00.504,-1,1023000,177,37141.273,889.2122,9fc7a368-3448-42bc-979d-6b221dc925a6.extra_data.json,e7FCb+MfnB,9540,com.sec.android.app.shealth,1659314,37620000,9fc7a368-3448-42bc-979d-6b221dc925a6,1651708800000,
18959,11082093,90,3194154,2022-06-25 19:29:19.176,2022-06-24 21:00:00.454,-1,1380000,204,28130.723,934.0425,81f275da-28e8-425b-a0ee-7e8f65b5223e.extra_data.json,e7FCb+MfnB,52612,com.sec.android.app.shealth,7835327,21240000,81f275da-28e8-425b-a0ee-7e8f65b5223e,1656115200000,
10930,6598474,90,2133359,2022-06-30 20:45:19.157,2022-06-29 21:00:00.390,-1,1019943,121,16785.156,556.20087,a0ff737e-c975-4e5e-a9df-53a3297a6504.extra_data.json,e7FCb+MfnB,75866,com.sec.android.app.shealth,4389249,38280000,a0ff737e-c975-4e5e-a9df-53a3297a6504,1656547200000,
17156,10235022,90,9516134,2022-05-04 21:00:00.927,2022-05-03 21:00:00.450,-1,1190134,187,43183.184,982.7869,ddb3851b-52d1-450b-8050-dd38a2084839.extra_data.json,e7FCb+MfnB,9600,com.sec.android.app.shealth,709288,27060000,ddb3851b-52d1-450b-8050-dd38a2084839,1651622400000,
20298,11919855,90,2753721,2022-07-01 20:52:58.544,2022-06-30 21:00:00.428,-1,839526,218,25643.125,956.8511,613aae44-aae9-413a-aaea-07bb4ea4cfcd.extra_data.json,e7FCb+MfnB,55720,com.sec.android.app.shealth,9110414,33780000,613aae44-aae9-413a-aaea-07bb4ea4cfcd,1656633600000,
8343,5697740,90,3209692,2022-06-11 20:13:37.541,2022-06-10 21:00:00.356,-1,865000,104,19797.51,537.2973,460cac2c-e282-4109-a9cb-8b2c6d90e0a5.extra_data.json,e7FCb+MfnB,9823,com.sec.android.app.shealth,2478225,39060000,460cac2c-e282-4109-a9cb-8b2c6d90e0a5,1654905600000,
12567,7138421,90,0,2022-05-11 20:36:42.203,2022-05-10 21:00:00.491,-1,1408000,131,10123.032,511.52292,d2c0531b-dcae-49a4-abac-ad1dda5b482d.extra_data.json,e7FCb+MfnB,11512,com.sec.android.app.shealth,7126909,40680000,d2c0531b-dcae-49a4-abac-ad1dda5b482d,1652227200000,
8857,5276726,90,887818,2022-06-17 20:59:39.356,2022-06-16 21:00:02.282,-1,1140000,96,11273.14,420.41437,f2f0f04b-0094-4ce2-a618-fd4c9d7a4f41.extra_data.json,e7FCb+MfnB,53260,com.sec.android.app.shealth,4335648,23280000,f2f0f04b-0094-4ce2-a618-fd4c9d7a4f41,1655424000000,
24741,14643333,90,5916131,2022-07-07 20:57:33.166,2022-07-06 21:00:00.449,-1,2580000,270,38461.75,1206.5425,845d0fd1-23f6-4ae2-8166-12daaa16bb6e.extra_data.json,e7FCb+MfnB,36880,com.sec.android.app.shealth,8690322,31620000,845d0fd1-23f6-4ae2-8166-12daaa16bb6e,1657152000000,
19190,11051031,90,2031452,2022-07-06 19:11:46.101,2022-07-05 21:00:00.349,-1,2028452,203,22956.65,871.99554,5dd3b8f8-20d7-4a7a-994f-b36b65dd191a.extra_data.json,e7FCb+MfnB,39116,com.sec.android.app.shealth,8980463,34680000,5dd3b8f8-20d7-4a7a-994f-b36b65dd191a,1657065600000,
9275,5143396,90,0,2022-06-08 20:52:06.288,2022-06-07 21:00:01.984,-1,1740000,94,7634.4707,378.99393,43704ad7-4a47-4bbf-a2c2-94d67ea7c30e.extra_data.json,e7FCb+MfnB,14000,com.sec.android.app.shealth,5129396,30900000,43704ad7-4a47-4bbf-a2c2-94d67ea7c30e,1654646400000,
14848,8765242,90,0,2022-05-17 19:41:07.038,2022-05-16 21:00:00.531,-1,2100000,161,11812.099,604.5092,f0cf0dc7-358a-4fe7-bdf0-741fb83d5e78.extra_data.json,e7FCb+MfnB,27447,com.sec.android.app.shealth,8737795,36780000,f0cf0dc7-358a-4fe7-bdf0-741fb83d5e78,1652745600000,
11395,6756957,90,1618378,2022-07-12 21:00:03.309,2022-07-11 21:00:00.465,-1,697000,123,15734.365,554.1645,9411e479-29f6-4b2b-b580-23edc2d6764e.extra_data.json,e7FCb+MfnB,41405,com.sec.android.app.shealth,5097174,35100000,9411e479-29f6-4b2b-b580-23edc2d6764e,1657584000000,
15864,8019361,90,3629121,2022-07-13 20:48:16.851,2022-07-12 21:00:01.807,-1,2710000,146,26006.328,746.7131,379c4569-148c-4b27-a221-a5a8b2d376f9.extra_data.json,e7FCb+MfnB,21209,com.sec.android.app.shealth,4369031,38880000,379c4569-148c-4b27-a221-a5a8b2d376f9,1657670400000,
12970,7559364,90,0,2022-05-23 19:23:56.325,2022-05-22 21:00:00.520,-1,1605000,138,10284.208,528.061,621ca4ac-42ea-4a82-a8ae-7eeebc778ff6.extra_data.json,e7FCb+MfnB,25166,com.sec.android.app.shealth,7534198,32520000,621ca4ac-42ea-4a82-a8ae-7eeebc778ff6,1653264000000,
9335,5684505,90,0,2022-05-10 19:24:01.643,2022-05-09 21:00:00.381,-1,480000,104,7575.779,389.67993,476b726d-eff5-4cde-a455-ea7aee757b4f.extra_data.json,e7FCb+MfnB,87162,com.sec.android.app.shealth,5597343,30000000,476b726d-eff5-4cde-a455-ea7aee757b4f,1652140800000,
1738,1117017,90,0,2022-06-14 20:58:51.511,2022-06-13 21:00:00.719,-1,60000,20,1495.5801,77.10001,1e81b36a-8186-4e0b-b4dd-6daccd69f20e.extra_data.json,e7FCb+MfnB,29200,com.sec.android.app.shealth,1087817,29760000,1e81b36a-8186-4e0b-b4dd-6daccd69f20e,1655164800000,
15990,8841896,90,0,2022-07-19 20:35:01.377,2022-07-18 21:00:00.469,-1,4380000,163,13073.045,659.9513,2224cc16-b16c-4b21-a38a-75d445d5fa68.extra_data.json,e7FCb+MfnB,67091,com.sec.android.app.shealth,8774805,28260000,2224cc16-b16c-4b21-a38a-75d445d5fa68,1658188800000,
12237,7253270,90,0,2022-06-23 20:33:10.061,2022-06-22 21:00:00.815,-1,1800000,133,9921.667,502.74707,fab0fdad-85df-40a2-be8d-a0fe344787d0.extra_data.json,e7FCb+MfnB,49551,com.sec.android.app.shealth,7203719,40080000,fab0fdad-85df-40a2-be8d-a0fe344787d0,1655942400000,
19380,10312100,90,4873925,2022-07-18 21:00:04.129,2022-07-17 21:00:00.926,-1,1314000,190,35175.117,994.78827,7fcfe8b6-0588-4b2a-acf9-c7275fa42bb6.extra_data.json,e7FCb+MfnB,35334,com.sec.android.app.shealth,5402841,29700000,7fcfe8b6-0588-4b2a-acf9-c7275fa42bb6,1658102400000,
26633,14666753,90,0,2022-05-16 21:02:37.028,2022-05-15 21:00:00.424,-1,3000000,270,21443.92,1084.9353,a92fce5c-4f7c-480b-84f9-8f257c34e045.extra_data.json,e7FCb+MfnB,26781,com.sec.android.app.shealth,14639972,20040000,a92fce5c-4f7c-480b-84f9-8f257c34e045,1652659200000,
29321,16894864,90,0,2022-05-29 20:47:55.458,2022-05-28 21:00:00.398,-1,1920000,311,23463.33,1199.3546,56b8f30f-ca64-4c92-aa78-f851f06b4995.extra_data.json,e7FCb+MfnB,37351,com.sec.android.app.shealth,16857513,24960000,56b8f30f-ca64-4c92-aa78-f851f06b4995,1653782400000,
15188,8833619,90,0,2022-05-22 20:55:07.407,2022-05-21 21:00:00.382,-1,1588000,162,12170.936,620.7248,80fc91c7-6ee5-4c21-991a-a68593647539.extra_data.json,e7FCb+MfnB,35502,com.sec.android.app.shealth,8798117,35160000,80fc91c7-6ee5-4c21-991a-a68593647539,1653177600000,
18276,10354613,90,0,2022-07-24 20:52:31.998,2022-07-23 21:00:00.546,-1,1653000,190,14944.477,754.9813,394fe42f-f9c1-4ea5-99d7-a0bca88e8582.extra_data.json,e7FCb+MfnB,106473,com.sec.android.app.shealth,10248140,25380000,394fe42f-f9c1-4ea5-99d7-a0bca88e8582,1658620800000,
8947,5024458,90,4600211,2022-06-20 21:00:03.204,2022-06-19 21:00:00.827,-1,1699000,91,21255.662,485.37637,ac4d52db-726e-4fd1-ba50-9fb7a57f1ae9.extra_data.json,e7FCb+MfnB,8232,com.sec.android.app.shealth,416015,30900000,ac4d52db-726e-4fd1-ba50-9fb7a57f1ae9,1655683200000,
19364,10534892,90,0,2022-07-25 20:07:09.695,2022-07-24 21:00:00.538,-1,1920000,193,15816.901,800.2303,912d0530-cf30-4e47-a311-d2259eae7f67.extra_data.json,e7FCb+MfnB,41375,com.sec.android.app.shealth,10493517,27180000,912d0530-cf30-4e47-a311-d2259eae7f67,1658707200000,
15644,9038529,90,0,2022-07-30 18:54:18.553,2022-07-29 21:00:00.356,-1,2639213,165,12723.472,640.2848,b61fea76-941e-48eb-a1c2-f83844593128.extra_data.json,e7FCb+MfnB,46860,com.sec.android.app.shealth,8991669,23400000,b61fea76-941e-48eb-a1c2-f83844593128,1659139200000,
20085,11650901,90,4599267,2022-06-29 20:59:41.646,2022-06-28 21:00:00.540,-1,938000,215,35017.9,1060.1257,aeab1b7e-76bf-48ce-8ddd-23d6ac73abde.extra_data.json,e7FCb+MfnB,24855,com.sec.android.app.shealth,7026779,31380000,aeab1b7e-76bf-48ce-8ddd-23d6ac73abde,1656460800000,
16497,9273227,90,0,2022-06-04 21:01:54.936,2022-06-03 21:00:00.543,-1,1080000,171,13478.87,683.6103,9b3241f4-fb51-4ee0-963f-f70a9c525d7e.extra_data.json,e7FCb+MfnB,143526,com.sec.android.app.shealth,9129701,22620000,9b3241f4-fb51-4ee0-963f-f70a9c525d7e,1654300800000,
12948,7068121,90,2847583,2022-07-31 21:00:33.455,2022-07-30 21:00:05.782,-1,618000,128,21245.588,634.3318,cad8a39b-b840-451d-9140-f4d063df76b7.extra_data.json,e7FCb+MfnB,31779,com.sec.android.app.shealth,4188759,38880000,cad8a39b-b840-451d-9140-f4d063df76b7,1659225600000,
25782,12605216,90,5372938,2022-07-05 21:08:35.810,2022-07-04 21:00:03.178,-1,1560000,232,34170.445,1071.3356,3931e1da-09e6-458a-89d2-4ffa3b62b026.extra_data.json,e7FCb+MfnB,127907,com.sec.android.app.shealth,7104371,31860000,3931e1da-09e6-458a-89d2-4ffa3b62b026,1656979200000,
18681,10011096,90,7199087,2022-06-10 21:00:00.628,2022-06-09 21:00:00.389,-1,1990000,184,46114.45,1136.2698,873a8752-d5d6-4a5b-98fd-53135115d2a0.extra_data.json,e7FCb+MfnB,39158,com.sec.android.app.shealth,2772851,37200000,873a8752-d5d6-4a5b-98fd-53135115d2a0,1654819200000,
18709,10696372,90,0,2022-05-28 21:04:35.707,2022-05-27 21:00:00.677,-1,1320000,196,14967.67,759.58185,d7cd26d4-e769-4696-b0ba-3438032c9d60.extra_data.json,e7FCb+MfnB,31763,com.sec.android.app.shealth,10664609,29580000,d7cd26d4-e769-4696-b0ba-3438032c9d60,1653696000000,
9551,6101513,90,3920726,2022-06-26 19:47:12.150,2022-06-25 21:00:00.489,-1,668000,112,25941.195,661.2294,a04ea1b7-b036-4430-ab77-eb5cbf029003.extra_data.json,e7FCb+MfnB,16675,com.sec.android.app.shealth,2164112,31080000,a04ea1b7-b036-4430-ab77-eb5cbf029003,1656201600000,
12508,6531843,90,2221500,2022-07-11 18:47:33.998,2022-07-10 21:00:00.657,-1,1200181,120,17944.928,566.6695,e3d37fb1-3404-4565-aa97-6c07ca6fe778.extra_data.json,e7FCb+MfnB,20934,com.sec.android.app.shealth,4289409,36480000,e3d37fb1-3404-4565-aa97-6c07ca6fe778,1657497600000,
9747,5923153,90,0,2022-08-06 20:51:17.329,2022-08-05 21:00:01.048,-1,1140000,108,8103.5156,416.73196,3087ab9e-27cf-4c01-90aa-7343c2c9a63f.extra_data.json,e7FCb+MfnB,92858,com.sec.android.app.shealth,5830295,30240000,3087ab9e-27cf-4c01-90aa-7343c2c9a63f,1659744000000,
10705,6383586,90,0,2022-07-02 20:58:35.577,2022-07-01 21:00:00.496,-1,480000,116,8498.432,431.92996,dc9ba95d-88bc-4ed5-a7ee-11520f21a8ce.extra_data.json,e7FCb+MfnB,33522,com.sec.android.app.shealth,6350064,35400000,dc9ba95d-88bc-4ed5-a7ee-11520f21a8ce,1656720000000,
24415,13258009,90,0,2022-06-16 18:08:17.498,2022-06-15 21:00:02.172,-1,1920000,244,20019.557,997.1208,0713cb31-5a19-4cdb-9c1b-8a5a67ea4fca.extra_data.json,e7FCb+MfnB,66193,com.sec.android.app.shealth,13191816,31080000,0713cb31-5a19-4cdb-9c1b-8a5a67ea4fca,1655337600000,
14188,9268159,90,3499858,2022-08-05 20:17:07.388,2022-08-04 21:00:00.511,-1,660000,171,26964.1,832.2788,928a4bdb-63b5-4c2e-9025-7ec46299eade.extra_data.json,e7FCb+MfnB,62126,com.sec.android.app.shealth,5706175,37740000,928a4bdb-63b5-4c2e-9025-7ec46299eade,1659657600000,
15934,9017793,90,4377096,2022-08-12 21:00:02.564,2022-08-11 21:00:00.417,-1,724000,165,29667.3,836.2756,e2969d2f-1db7-4b80-8e10-fb3301412e5f.extra_data.json,e7FCb+MfnB,27165,com.sec.android.app.shealth,4613532,39060000,e2969d2f-1db7-4b80-8e10-fb3301412e5f,1660262400000,
9706,5654782,90,0,2022-06-03 20:43:19.277,2022-06-02 21:00:00.498,-1,420000,103,7760.6416,396.33994,2b2b1aad-4900-430d-ad7d-46c1cc62347d.extra_data.json,e7FCb+MfnB,56089,com.sec.android.app.shealth,5598693,33480000,2b2b1aad-4900-430d-ad7d-46c1cc62347d,1654214400000,
14361,8566412,90,2586084,2022-07-17 20:59:04.105,2022-07-16 21:00:00.398,-1,1029000,157,22962.416,740.8187,a5f83194-5e80-4c46-b8fe-7a2367d4fe55.extra_data.json,e7FCb+MfnB,36523,com.sec.android.app.shealth,5943805,39060000,a5f83194-5e80-4c46-b8fe-7a2367d4fe55,1658016000000,
17567,10129501,90,4178387,2022-07-08 20:43:47.697,2022-07-07 21:00:00.386,-1,1980000,186,30809.652,910.8308,55aa5453-998f-4797-91da-5d169c490fb5.extra_data.json,e7FCb+MfnB,9651,com.sec.android.app.shealth,5941463,31080000,55aa5453-998f-4797-91da-5d169c490fb5,1657238400000,
6367,2766019,90,2439814,2022-06-22 21:00:02.617,2022-06-21 21:00:00.497,-1,725000,50,11045.972,256.8656,ca4abb66-1ce2-4af5-b6c4-b3a2353707c8.extra_data.json,e7FCb+MfnB,4400,com.sec.android.app.shealth,321805,28080000,ca4abb66-1ce2-4af5-b6c4-b3a2353707c8,1655856000000,
25341,14222313,90,3203966,2022-08-11 21:00:02.494,2022-08-10 21:00:01.348,-1,2100000,262,35363.39,1238.0537,2eb35fd0-4838-4f4c-923f-6f44b43a49bf.extra_data.json,e7FCb+MfnB,53779,com.sec.android.app.shealth,10964568,26100000,2eb35fd0-4838-4f4c-923f-6f44b43a49bf,1660176000000,
19773,10432995,90,1237381,2022-07-23 20:21:37.892,2022-07-22 21:00:00.561,-1,2940000,192,19274.379,815.12415,54d4a1cf-ce9b-4f50-9de3-59c784ebb497.extra_data.json,e7FCb+MfnB,71148,com.sec.android.app.shealth,9124466,31200000,54d4a1cf-ce9b-4f50-9de3-59c784ebb497,1658534400000,
32474,18620195,90,2715130,2022-07-14 20:07:23.364,2022-07-13 21:00:00.413,-1,2699902,343,37083.855,1473.1528,771308e0-d5ee-4298-84a7-a3c965a0d188.extra_data.json,e7FCb+MfnB,153420,com.sec.android.app.shealth,15751645,37860000,771308e0-d5ee-4298-84a7-a3c965a0d188,1657756800000,
19326,11903760,90,1697188,2022-06-28 20:50:04.566,2022-06-27 21:00:00.428,-1,1800000,218,19848.572,841.2705,393d7a29-54cd-4476-afbe-ddf7bbef296a.extra_data.json,e7FCb+MfnB,37932,com.sec.android.app.shealth,10168640,29340000,393d7a29-54cd-4476-afbe-ddf7bbef296a,1656374400000,
18835,10538395,90,5979632,2022-06-09 21:00:00.722,2022-06-08 21:00:00.340,-1,1130000,194,34762.566,970.46063,25d29c23-7ef5-447d-a1c1-47b06004c449.extra_data.json,e7FCb+MfnB,214952,com.sec.android.app.shealth,4343811,41400000,25d29c23-7ef5-447d-a1c1-47b06004c449,1654732800000,
12008,7016766,90,147934,2022-08-18 20:58:34.745,2022-08-17 21:00:00.685,-1,480000,128,10244.277,502.14175,a27e0f69-be3a-463d-85c0-c1959fa17aff.extra_data.json,e7FCb+MfnB,60086,com.sec.android.app.shealth,6808746,28500000,a27e0f69-be3a-463d-85c0-c1959fa17aff,1660780800000,
15276,8331502,90,2232289,2022-07-20 21:00:03.140,2022-07-19 21:00:00.583,-1,1500000,152,20895.178,707.39355,bd3013af-7923-42df-a8d5-a6ff5c6baed9.extra_data.json,e7FCb+MfnB,42006,com.sec.android.app.shealth,6057207,37020000,bd3013af-7923-42df-a8d5-a6ff5c6baed9,1658275200000,
10328,5914423,90,0,2022-07-29 21:01:21.288,2022-07-28 21:00:00.440,-1,983280,108,8348.442,424.18826,2e98e67e-bf71-4c7f-ac34-da4ddc9f2ed6.extra_data.json,e7FCb+MfnB,8880,com.sec.android.app.shealth,5905543,42420000,2e98e67e-bf71-4c7f-ac34-da4ddc9f2ed6,1659052800000,
21153,10842388,90,9364358,2022-06-15 21:00:02.635,2022-06-14 21:00:01.211,-1,2575000,200,49837.016,1164.303,047aa714-352d-4034-99bc-163c1f3ac763.extra_data.json,e7FCb+MfnB,8297,com.sec.android.app.shealth,1469733,37440000,047aa714-352d-4034-99bc-163c1f3ac763,1655251200000,
16634,10349575,90,3064371,2022-08-17 18:51:17.251,2022-08-16 21:00:00.431,-1,1740000,191,23635.617,814.9212,aa414718-c36f-4735-b5f2-cbd502badcf2.extra_data.json,e7FCb+MfnB,10199,com.sec.android.app.shealth,7275005,39540000,aa414718-c36f-4735-b5f2-cbd502badcf2,1660694400000,
20956,12253479,90,761420,2022-07-04 19:32:56.991,2022-07-03 21:00:00.363,-1,1620000,225,19446.432,890.7217,3c435bfa-1607-4231-ab5f-75bd6ef75b19.extra_data.json,e7FCb+MfnB,56491,com.sec.android.app.shealth,11435568,29400000,3c435bfa-1607-4231-ab5f-75bd6ef75b19,1656892800000,
12906,7584936,90,0,2022-07-26 20:29:41.310,2022-07-25 21:00:00.514,-1,1320000,138,10550.059,536.2537,f05428ac-3d99-42c1-80d8-f3b9af6a7727.extra_data.json,e7FCb+MfnB,36030,com.sec.android.app.shealth,7548906,26700000,f05428ac-3d99-42c1-80d8-f3b9af6a7727,1658793600000,
16483,8562460,90,3238366,2022-08-04 21:00:02.135,2022-08-03 21:00:00.866,-1,1088809,157,24680.637,760.1469,33dedb49-3922-432e-9a10-739adf7aa506.extra_data.json,e7FCb+MfnB,39443,com.sec.android.app.shealth,5284651,41160000,33dedb49-3922-432e-9a10-739adf7aa506,1659571200000,
16079,8708240,90,2102184,2022-08-01 20:57:46.312,2022-07-31 21:00:00.473,-1,1077000,160,22390.197,796.5438,01990231-9272-4666-809d-09a60b4f7b31.extra_data.json,e7FCb+MfnB,223475,com.sec.android.app.shealth,6382581,26640000,01990231-9272-4666-809d-09a60b4f7b31,1659312000000,
8064,6447364,90,3428652,2022-06-21 20:05:33.695,2022-06-20 21:00:00.676,-1,1500000,118,19056.885,534.9445,f337ad75-f312-4ccd-8152-5b71f9234c3a.extra_data.json,e7FCb+MfnB,11939,com.sec.android.app.shealth,3006773,30420000,f337ad75-f312-4ccd-8152-5b71f9234c3a,1655769600000,
12770,7909525,90,2169645,2022-07-10 19:23:17.236,2022-07-09 21:00:00.335,-1,1490000,145,18916.963,637.2714,6bbdd942-de3a-40aa-ae80-b5e2302cd0c7.extra_data.json,e7FCb+MfnB,19203,com.sec.android.app.shealth,5720677,37080000,6bbdd942-de3a-40aa-ae80-b5e2302cd0c7,1657411200000,
25015,13476950,90,0,2022-06-27 21:07:52.961,2022-06-26 21:00:00.535,-1,2940000,248,20725.99,1051.108,a32d3358-41fc-4d50-aeb4-9870f565627d.extra_data.json,e7FCb+MfnB,86707,com.sec.android.app.shealth,13390243,27600000,a32d3358-41fc-4d50-aeb4-9870f565627d,1656288000000,
17983,10774933,90,1545004,2022-08-10 21:00:02.648,2022-08-09 21:00:00.681,-1,1620000,197,20434.111,824.5702,23ba2fef-d787-492b-8bee-1b88e66b7e15.extra_data.json,e7FCb+MfnB,72900,com.sec.android.app.shealth,9157029,32220000,23ba2fef-d787-492b-8bee-1b88e66b7e15,1660089600000,
17486,9899387,90,0,2022-08-07 20:46:28.575,2022-08-06 21:00:00.934,-1,2100000,182,14045.295,710.8148,7adbbb4d-228c-4501-80eb-58f480a6554d.extra_data.json,e7FCb+MfnB,37108,com.sec.android.app.shealth,9862279,28860000,7adbbb4d-228c-4501-80eb-58f480a6554d,1659830400000,
8775,5236263,90,1957573,2022-08-13 21:00:02.178,2022-08-12 21:00:01.038,-1,836000,95,13649.346,430.30167,c4d33ece-4c3c-4661-b6ff-43c73bafbd14.extra_data.json,e7FCb+MfnB,11324,com.sec.android.app.shealth,3267366,27360000,c4d33ece-4c3c-4661-b6ff-43c73bafbd14,1660348800000,
9912,5884755,90,0,2022-07-03 21:01:36.830,2022-07-02 21:00:00.486,-1,780000,107,8077.09,416.46002,ef0affeb-d042-4405-8159-77e1454f951f.extra_data.json,e7FCb+MfnB,31198,com.sec.android.app.shealth,5853557,31380000,ef0affeb-d042-4405-8159-77e1454f951f,1656806400000,
15469,9488747,90,4522794,2022-08-16 20:50:57.726,2022-08-15 21:00:00.607,-1,1170000,174,31675.137,897.85,b9715e80-7e12-4d4a-9570-261f5875c6f1.extra_data.json,e7FCb+MfnB,29257,com.sec.android.app.shealth,4936696,28860000,b9715e80-7e12-4d4a-9570-261f5875c6f1,1660608000000,
5377,3176255,90,0,2022-07-16 20:39:54.926,2022-07-15 21:00:00.612,-1,360000,57,4253.119,214.04997,375c823e-c5e5-4df9-afb3-4fdda229024a.extra_data.json,e7FCb+MfnB,9777,com.sec.android.app.shealth,3166478,37500000,375c823e-c5e5-4df9-afb3-4fdda229024a,1657929600000,
14292,8097156,90,0,2022-08-19 17:52:13.479,2022-08-18 21:00:00.391,-1,1288000,148,11575.495,591.66315,6663aea6-6909-4b81-9a4b-e7eb96f4e762.extra_data.json,e7FCb+MfnB,67424,com.sec.android.app.shealth,8029732,24180000,6663aea6-6909-4b81-9a4b-e7eb96f4e762,1660867200000,
9503,4687923,90,1557827,2022-07-09 21:00:01.302,2022-07-08 21:00:00.555,-1,666000,86,11993.37,391.25555,f0bce996-9aa6-4a6f-9aef-c8a5f379c43e.extra_data.json,e7FCb+MfnB,68409,com.sec.android.app.shealth,3061687,42900000,f0bce996-9aa6-4a6f-9aef-c8a5f379c43e,1657324800000,
9833,5536633,90,0,2022-07-22 19:46:30.942,2022-07-21 21:00:00.466,-1,1620000,101,7960.665,404.10086,6a471aff-4b7d-4056-b4cb-bd99036d562a.extra_data.json,e7FCb+MfnB,33562,com.sec.android.app.shealth,5503071,32760000,6a471aff-4b7d-4056-b4cb-bd99036d562a,1658448000000,
7609,4589284,90,1037263,2022-07-15 21:00:01.372,2022-07-14 21:00:01.206,-1,510263,83,8775.223,336.39273,f56fea8e-e253-477e-8767-c21360705845.extra_data.json,e7FCb+MfnB,22620,com.sec.android.app.shealth,3529401,44100000,f56fea8e-e253-477e-8767-c21360705845,1657843200000,
9640,5434216,90,0,2022-07-28 20:56:46.162,2022-07-27 21:00:02.178,-1,1896000,100,7711.247,390.54794,593f6ada-5f68-4cee-970c-a25df1d286f2.extra_data.json,e7FCb+MfnB,30756,com.sec.android.app.shealth,5403460,37980000,593f6ada-5f68-4cee-970c-a25df1d286f2,1658966400000,
12914,6670757,90,2292815,2022-07-21 20:38:38.897,2022-07-20 21:00:00.375,-1,931000,122,20366.18,632.2349,80ad55af-9c55-4074-b991-8aca729e0ff8.extra_data.json,e7FCb+MfnB,72008,com.sec.android.app.shealth,4305934,35520000,80ad55af-9c55-4074-b991-8aca729e0ff8,1658361600000,
11220,5843809,90,1862255,2022-08-03 21:00:02.657,2022-08-02 21:00:01.079,-1,780000,107,17082.76,533.025,669cf3ac-c452-40e5-9b7f-b6c39aef660c.extra_data.json,e7FCb+MfnB,13773,com.sec.android.app.shealth,3967781,36360000,669cf3ac-c452-40e5-9b7f-b6c39aef660c,1659484800000,
8879,4882290,90,0,2022-07-27 20:56:28.460,2022-07-26 21:00:05.690,-1,1020000,88,7195.303,365.79953,a56c6f81-a980-4187-aa82-1f21b83685b6.extra_data.json,e7FCb+MfnB,50333,com.sec.android.app.shealth,4831957,31980000,a56c6f81-a980-4187-aa82-1f21b83685b6,1658880000000,
12124,8520909,90,5183471,2022-08-02 21:00:03.619,2022-08-01 21:00:00.515,-1,1266000,156,38900.895,987.5432,f6c0894c-f62e-4f32-b7ee-c323785c4c78.extra_data.json,e7FCb+MfnB,16900,com.sec.android.app.shealth,3320538,27420000,f6c0894c-f62e-4f32-b7ee-c323785c4c78,1659398400000,
15042,9062900,90,2602338,2022-08-09 19:57:18.288,2022-08-08 21:00:01.101,-1,1680000,166,22141.535,750.5639,531d2eeb-5593-441e-978e-97c23de1befb.extra_data.json,e7FCb+MfnB,23997,com.sec.android.app.shealth,6436565,30360000,531d2eeb-5593-441e-978e-97c23de1befb,1660003200000,
16412,9222124,90,3189443,2022-08-08 21:00:02.735,2022-08-07 21:00:00.448,-1,1020000,170,27254.395,850.3299,7c9dc0f2-1259-45c2-8088-aec85ede50d8.extra_data.json,e7FCb+MfnB,24333,com.sec.android.app.shealth,6008348,26820000,7c9dc0f2-1259-45c2-8088-aec85ede50d8,1659916800000,
8146,4639074,90,0,2022-08-15 21:31:35.727,2022-08-14 21:00:00.549,-1,996000,84,6625.0054,337.39633,bee0d5f3-de71-4b79-b3d5-1502b67447e7.extra_data.json,e7FCb+MfnB,20082,com.sec.android.app.shealth,4618992,27480000,bee0d5f3-de71-4b79-b3d5-1502b67447e7,1660521600000,
5432,3190804,90,0,2022-08-14 20:15:47.578,2022-08-13 21:00:00.734,-1,480000,57,4338.5093,221.76994,099072e6-ca4a-48b9-84e4-39f864717757.extra_data.json,e7FCb+MfnB,16267,com.sec.android.app.shealth,3174537,41220000,099072e6-ca4a-48b9-84e4-39f864717757,1660435200000,
128,85376,90,0,2022-08-21 06:45:40.276,2022-08-20 21:00:00.602,-1,35351,1,100.30001,4.799999,bdb1e52f-4b51-410e-ae8a-582865978851.extra_data.json,e7FCb+MfnB,0,com.sec.android.app.shealth,85376,23680232,bdb1e52f-4b51-410e-ae8a-582865978851,1661040000000,
4427,2659672,90,0,2022-08-20 19:13:49.551,2022-08-19 21:00:00.455,-1,360000,47,3671.0598,187.48003,c641a44e-c08f-4585-bb61-bd3573deadcd.extra_data.json,e7FCb+MfnB,52979,com.sec.android.app.shealth,2606693,24720000,c641a44e-c08f-4585-bb61-bd3573deadcd,1660953600000,
