{"aidt":"Sdl5lhFQkmUsvP1UxxYpbNWJHZxd5Vvu+nwLo5qVbmK+ZfUAIuos2c/JpmOCYZja","arrival_date":"2021-12-19","arrival_hour":2021121915,"arrival_month":202112,"arrival_year":2021,"attribution_time_in_ms":"2021-12-19T15:14:29.000Z","bronze_processed_at":"2021-12-20T00:07:13.703Z","captured_at":"2021-12-19T15:15:14.000Z","client_ip":"178.233.0.0","country_code":"TR","country_id":179,"country_name":"Turkey","data_attributes_event":"created","data_id":"ac1a5e9e-7e3a-47f7-bbfb-aa88bdddebad","data_relationships_runbit_event_meta_version":1,"data_type":"runbit_event_message","eh_arrival_hour":2021121915,"environment":"production","event_id":"fb49c241-1b82-4722-8aa2-73ef00c54eee","event_referer":"https%3A//www.runtastic.com/en/users/JMAUJ19L6OF7TUES/settings/account-and-data","event_source":"rnt_web","event_type":"pageview","export_id":"8cmLGpKtQYURZS+Tba1rYxnjL1G13VKZNWf5zX8kbnXzEay9NcWQuPPwYq/+qK1n","http_user_agent":"Mozilla/5.0 (Windows NT 10.0; Win64; x64) AppleWebKit/537.36 (KHTML, like Gecko) Chrome/96.0.4664.110 Safari/537.36","id":"pageview_Sdl5lhFQkmUsvP1UxxYpbNWJHZxd5Vvu+nwLo5qVbmK+ZfUAIuos2c/JpmOCYZja_7daad9c0-860a-4548-a786-185e350de30d_fb49c241-1b82-4722-8aa2-73ef00c54eee","is_logged_in":true,"jsonapi_version":"1.0","key":"c7140144f14e3ecec56c6dd57e7d458f","message_created_at":"2021-12-19T15:15:14.708Z","messages_created_by":"runbit-producer-runtasticdataprd-appservice-runbitforwarder.azurewebsites.net","session_duration":45000,"session_event_count":8,"session_id":"7daad9c0-860a-4548-a786-185e350de30d","silver_processed_at":"2021-12-20T01:06:16.508Z","sub_entity_type":"pageview","target":"rnt_web","type":"pageview","uidt":"c8aa46f4c271f60be79f8a2acd815c7a88b68708","ut":"c8aa46f4c271f60be79f8a2acd815c7a88b68708","utm_medium":"none","utm_source":"organic","version":"1","viewcontainer":"desktop.windows","viewpage":"/runtastic-legacy/settings/account-and-data"}
{"aidt":"Sdl5lhFQkmUsvP1UxxYpbNWJHZxd5Vvu+nwLo5qVbmK+ZfUAIuos2c/JpmOCYZja","arrival_date":"2021-12-20","arrival_hour":2021122017,"arrival_month":202112,"arrival_year":2021,"attribution_time_in_ms":"2021-12-19T15:14:29.000Z","bronze_processed_at":"2021-12-21T00:06:39.265Z","captured_at":"2021-12-20T15:52:00.000Z","client_ip":"178.233.0.0","country_code":"TR","country_id":179,"country_name":"Turkey","data_attributes_event":"created","data_id":"025b02e6-dbfa-4673-a146-4c8d8bbfcc98","data_relationships_runbit_event_meta_version":1,"data_type":"runbit_event_message","eh_arrival_hour":2021122015,"environment":"production","event_id":"2d1dc332-f1ad-4880-b027-e79dd73dbcac","event_referer":"https%3A//www.runtastic.com/","event_source":"rnt_web","event_type":"pageview","export_id":"8cmLGpKtQYURZS+Tba1rYxnjL1G13VKZNWf5zX8kbnXzEay9NcWQuPPwYq/+qK1n","http_user_agent":"Mozilla/5.0 (Windows NT 10.0; Win64; x64) AppleWebKit/537.36 (KHTML, like Gecko) Chrome/96.0.4664.110 Safari/537.36","id":"pageview_Sdl5lhFQkmUsvP1UxxYpbNWJHZxd5Vvu+nwLo5qVbmK+ZfUAIuos2c/JpmOCYZja_d914d816-4254-4b6d-adb1-08a8c6308157_2d1dc332-f1ad-4880-b027-e79dd73dbcac","is_logged_in":true,"jsonapi_version":"1.0","key":"c7140144f14e3ecec56c6dd57e7d458f","message_created_at":"2021-12-20T15:52:01.021Z","messages_created_by":"runbit-producer-runtasticdataprd-appservice-runbitforwarder.azurewebsites.net","session_duration":14000,"session_event_count":3,"session_id":"d914d816-4254-4b6d-adb1-08a8c6308157","silver_processed_at":"2021-12-21T01:06:15.855Z","sub_entity_type":"pageview","target":"rnt_web","type":"pageview","uidt":"c8aa46f4c271f60be79f8a2acd815c7a88b68708","ut":"c8aa46f4c271f60be79f8a2acd815c7a88b68708","utm_medium":"none","utm_source":"organic","version":"1","viewcontainer":"desktop.windows","viewpage":"/landingpage-rebranded/landingpage-rebranded"}
{"aidt":"Sdl5lhFQkmUsvP1UxxYpbNWJHZxd5Vvu+nwLo5qVbmK+ZfUAIuos2c/JpmOCYZja","arrival_date":"2021-12-20","arrival_hour":2021122017,"arrival_month":202112,"arrival_year":2021,"attribution_time_in_ms":"2021-12-19T15:14:29.000Z","bronze_processed_at":"2021-12-21T00:06:39.265Z","captured_at":"2021-12-20T15:51:46.000Z","client_ip":"178.233.0.0","country_code":"TR","country_id":179,"country_name":"Turkey","data_attributes_event":"created","data_id":"a57082cb-25f3-4901-b287-608624e3c206","data_relationships_runbit_event_meta_version":1,"data_type":"runbit_event_message","eh_arrival_hour":2021122015,"environment":"production","event_id":"f7f77682-1dba-43ef-9930-303f8b94d0d9","event_referer":"https%3A//www.runtastic.com/en/users/JMAUJ19L6OF7TUES/settings/account-and-data","event_source":"rnt_web","event_type":"pageview","export_id":"8cmLGpKtQYURZS+Tba1rYxnjL1G13VKZNWf5zX8kbnXzEay9NcWQuPPwYq/+qK1n","http_user_agent":"Mozilla/5.0 (Windows NT 10.0; Win64; x64) AppleWebKit/537.36 (KHTML, like Gecko) Chrome/96.0.4664.110 Safari/537.36","id":"pageview_Sdl5lhFQkmUsvP1UxxYpbNWJHZxd5Vvu+nwLo5qVbmK+ZfUAIuos2c/JpmOCYZja_d914d816-4254-4b6d-adb1-08a8c6308157_f7f77682-1dba-43ef-9930-303f8b94d0d9","jsonapi_version":"1.0","key":"c7140144f14e3ecec56c6dd57e7d458f","message_created_at":"2021-12-20T15:51:46.996Z","messages_created_by":"runbit-producer-runtasticdataprd-appservice-runbitforwarder.azurewebsites.net","session_duration":0,"session_event_count":1,"session_id":"d914d816-4254-4b6d-adb1-08a8c6308157","silver_processed_at":"2021-12-21T01:06:15.855Z","sub_entity_type":"pageview","target":"rnt_web","type":"pageview","uidt":"c8aa46f4c271f60be79f8a2acd815c7a88b68708","utm_medium":"none","utm_source":"organic","version":"1","viewcontainer":"desktop.windows","viewpage":"settings/ember_settings"}
{"aidt":"MCslTLXtCs7uYfNlFLkbS67eZCtc7cruOanpxqYM/iaizbLdhjy52sttOrY2/FG5","arrival_date":"2022-05-27","arrival_hour":2022052708,"arrival_month":202205,"arrival_year":2022,"attribution_time_in_ms":"2022-05-27T07:40:25.000Z","bronze_processed_at":"2022-05-27T11:05:44.111Z","captured_at":"2022-05-27T07:46:36.000Z","client_ip":"193.140.0.0","country_code":"TR","country_id":179,"country_name":"Turkey","data_attributes_event":"created","data_id":"5cb1c7d4-8572-4f04-895b-a87706614277","data_relationships_runbit_event_meta_version":1,"data_type":"runbit_event_message","eh_arrival_hour":2022052707,"environment":"production","event_id":"76124be8-145a-456f-9277-760a8a66f452","event_referer":"https%3A//www.runtastic.com/en/users/JMAUJ19L6OF7TUES/settings/account-and-data","event_source":"rnt_web","event_type":"pageview","export_id":"8cmLGpKtQYURZS+Tba1rYxnjL1G13VKZNWf5zX8kbnXzEay9NcWQuPPwYq/+qK1n","gold_inserted_at":"2022-05-27T13:22:31.910Z","gold_updated_at":"2022-05-27T13:22:31.910Z","http_user_agent":"Mozilla/5.0 (Windows NT 10.0; Win64; x64) AppleWebKit/537.36 (KHTML, like Gecko) Chrome/101.0.4951.67 Safari/537.36","id":"pageview_MCslTLXtCs7uYfNlFLkbS67eZCtc7cruOanpxqYM/iaizbLdhjy52sttOrY2/FG5_6c006732-cc5f-4c93-ac98-18d85f40e810_76124be8-145a-456f-9277-760a8a66f452","is_logged_in":true,"jsonapi_version":"1.0","key":"c7140144f14e3ecec56c6dd57e7d458f","message_created_at":"2022-05-27T07:46:38.399Z","messages_created_by":"runbit-producer-runtasticdataprd-appservice-runbitforwarder.azurewebsites.net","session_duration":371000,"session_event_count":9,"session_id":"6c006732-cc5f-4c93-ac98-18d85f40e810","silver_processed_at":"2022-05-27T12:05:40.099Z","sub_entity_type":"pageview","target":"rnt_web","type":"pageview","uidt":"c8aa46f4c271f60be79f8a2acd815c7a88b68708","ut":"c8aa46f4c271f60be79f8a2acd815c7a88b68708","utm_medium":"none","utm_source":"organic","version":"1","viewcontainer":"desktop.windows","viewpage":"/runtastic-legacy/settings/account-and-data"}
{"aidt":"Sdl5lhFQkmUsvP1UxxYpbNWJHZxd5Vvu+nwLo5qVbmK+ZfUAIuos2c/JpmOCYZja","arrival_date":"2021-12-19","arrival_hour":2021121915,"arrival_month":202112,"arrival_year":2021,"attribution_time_in_ms":"2021-12-19T15:14:29.000Z","bronze_processed_at":"2021-12-20T00:07:13.703Z","captured_at":"2021-12-19T15:15:15.000Z","client_ip":"178.233.0.0","country_code":"TR","country_id":179,"country_name":"Turkey","data_attributes_event":"created","data_id":"1f8cc70b-6b16-4c75-abae-4201ba24b282","data_relationships_runbit_event_meta_version":1,"data_type":"runbit_event_message","eh_arrival_hour":2021121915,"environment":"production","event_id":"406315f6-6f68-4e16-805d-7a93463b1776","event_referer":"https%3A//www.runtastic.com/en/users/JMAUJ19L6OF7TUES/settings/account-and-data","event_source":"rnt_web","event_type":"pageview","export_id":"8cmLGpKtQYURZS+Tba1rYxnjL1G13VKZNWf5zX8kbnXzEay9NcWQuPPwYq/+qK1n","http_user_agent":"Mozilla/5.0 (Windows NT 10.0; Win64; x64) AppleWebKit/537.36 (KHTML, like Gecko) Chrome/96.0.4664.110 Safari/537.36","id":"pageview_Sdl5lhFQkmUsvP1UxxYpbNWJHZxd5Vvu+nwLo5qVbmK+ZfUAIuos2c/JpmOCYZja_7daad9c0-860a-4548-a786-185e350de30d_406315f6-6f68-4e16-805d-7a93463b1776","is_logged_in":true,"jsonapi_version":"1.0","key":"c7140144f14e3ecec56c6dd57e7d458f","message_created_at":"2021-12-19T15:15:16.719Z","messages_created_by":"runbit-producer-runtasticdataprd-appservice-runbitforwarder.azurewebsites.net","session_duration":46000,"session_event_count":9,"session_id":"7daad9c0-860a-4548-a786-185e350de30d","silver_processed_at":"2021-12-20T01:06:16.508Z","sub_entity_type":"pageview","target":"rnt_web","type":"pageview","uidt":"c8aa46f4c271f60be79f8a2acd815c7a88b68708","ut":"c8aa46f4c271f60be79f8a2acd815c7a88b68708","utm_medium":"none","utm_source":"organic","version":"1","viewcontainer":"desktop.windows","viewpage":"/runtastic-legacy/settings/account-and-data"}
{"aidt":"Sdl5lhFQkmUsvP1UxxYpbNWJHZxd5Vvu+nwLo5qVbmK+ZfUAIuos2c/JpmOCYZja","arrival_date":"2021-12-20","arrival_hour":2021122017,"arrival_month":202112,"arrival_year":2021,"attribution_time_in_ms":"2021-12-19T15:14:29.000Z","bronze_processed_at":"2021-12-21T00:06:39.265Z","captured_at":"2021-12-20T15:52:07.000Z","client_ip":"178.233.0.0","country_code":"TR","country_id":179,"country_name":"Turkey","data_attributes_event":"created","data_id":"ee3baab4-37b8-48f7-b0d2-e6c1b8f67702","data_relationships_runbit_event_meta_version":1,"data_type":"runbit_event_message","eh_arrival_hour":2021122015,"environment":"production","event_id":"750ddafa-90ec-42ea-9097-774523db922b","event_referer":"https%3A//www.runtastic.com/en/users/JMAUJ19L6OF7TUES/settings/account-and-data","event_source":"rnt_web","event_type":"pageview","export_id":"8cmLGpKtQYURZS+Tba1rYxnjL1G13VKZNWf5zX8kbnXzEay9NcWQuPPwYq/+qK1n","http_user_agent":"Mozilla/5.0 (Windows NT 10.0; Win64; x64) AppleWebKit/537.36 (KHTML, like Gecko) Chrome/96.0.4664.110 Safari/537.36","id":"pageview_Sdl5lhFQkmUsvP1UxxYpbNWJHZxd5Vvu+nwLo5qVbmK+ZfUAIuos2c/JpmOCYZja_d914d816-4254-4b6d-adb1-08a8c6308157_750ddafa-90ec-42ea-9097-774523db922b","is_logged_in":true,"jsonapi_version":"1.0","key":"c7140144f14e3ecec56c6dd57e7d458f","message_created_at":"2021-12-20T15:52:09.040Z","messages_created_by":"runbit-producer-runtasticdataprd-appservice-runbitforwarder.azurewebsites.net","session_duration":21000,"session_event_count":5,"session_id":"d914d816-4254-4b6d-adb1-08a8c6308157","silver_processed_at":"2021-12-21T01:06:15.855Z","sub_entity_type":"pageview","target":"rnt_web","type":"pageview","uidt":"c8aa46f4c271f60be79f8a2acd815c7a88b68708","ut":"c8aa46f4c271f60be79f8a2acd815c7a88b68708","utm_medium":"none","utm_source":"organic","version":"1","viewcontainer":"desktop.windows","viewpage":"/runtastic-legacy/settings/account-and-data"}
{"aidt":"MCslTLXtCs7uYfNlFLkbS67eZCtc7cruOanpxqYM/iaizbLdhjy52sttOrY2/FG5","arrival_date":"2022-05-27","arrival_hour":2022052708,"arrival_month":202205,"arrival_year":2022,"attribution_time_in_ms":"2022-05-27T07:40:25.000Z","bronze_processed_at":"2022-05-27T11:05:44.111Z","captured_at":"2022-05-27T07:40:41.000Z","client_ip":"193.140.0.0","country_code":"TR","country_id":179,"country_name":"Turkey","data_attributes_event":"created","data_id":"13a38efb-4c74-4785-88ba-b8566fa53dcb","data_relationships_runbit_event_meta_version":1,"data_type":"runbit_event_message","eh_arrival_hour":2022052707,"environment":"production","event_id":"96543b3f-7347-4da3-b1bd-ab6631b317cc","event_referer":"https%3A//www.runtastic.com/","event_source":"rnt_web","event_type":"pageview","export_id":"8cmLGpKtQYURZS+Tba1rYxnjL1G13VKZNWf5zX8kbnXzEay9NcWQuPPwYq/+qK1n","gold_inserted_at":"2022-05-27T13:22:31.910Z","gold_updated_at":"2022-05-27T13:22:31.910Z","http_user_agent":"Mozilla/5.0 (Windows NT 10.0; Win64; x64) AppleWebKit/537.36 (KHTML, like Gecko) Chrome/101.0.4951.67 Safari/537.36","id":"pageview_MCslTLXtCs7uYfNlFLkbS67eZCtc7cruOanpxqYM/iaizbLdhjy52sttOrY2/FG5_6c006732-cc5f-4c93-ac98-18d85f40e810_96543b3f-7347-4da3-b1bd-ab6631b317cc","is_logged_in":true,"jsonapi_version":"1.0","key":"c7140144f14e3ecec56c6dd57e7d458f","message_created_at":"2022-05-27T07:40:41.638Z","messages_created_by":"runbit-producer-runtasticdataprd-appservice-runbitforwarder.azurewebsites.net","session_duration":16000,"session_event_count":4,"session_id":"6c006732-cc5f-4c93-ac98-18d85f40e810","silver_processed_at":"2022-05-27T12:05:40.099Z","sub_entity_type":"pageview","target":"rnt_web","type":"pageview","uidt":"c8aa46f4c271f60be79f8a2acd815c7a88b68708","ut":"c8aa46f4c271f60be79f8a2acd815c7a88b68708","utm_medium":"none","utm_source":"organic","version":"1","viewcontainer":"desktop.windows","viewpage":"/landingpage-rebranded/landingpage-rebranded"}
{"aidt":"MCslTLXtCs7uYfNlFLkbS67eZCtc7cruOanpxqYM/iaizbLdhjy52sttOrY2/FG5","arrival_date":"2022-05-27","arrival_hour":2022052708,"arrival_month":202205,"arrival_year":2022,"attribution_time_in_ms":"2022-05-27T07:40:25.000Z","bronze_processed_at":"2022-05-27T11:05:44.111Z","captured_at":"2022-05-27T07:40:39.000Z","client_ip":"193.140.0.0","country_code":"TR","country_id":179,"country_name":"Turkey","data_attributes_event":"created","data_id":"cf3c572c-773f-4574-a456-2e710cccac9a","data_relationships_runbit_event_meta_version":1,"data_type":"runbit_event_message","eh_arrival_hour":2022052707,"environment":"production","event_id":"6e278d7d-4a76-40a4-837b-dd912ad5a0e1","event_referer":"https%3A//www.runtastic.com/tr/","event_source":"rnt_web","event_type":"event","export_id":"8cmLGpKtQYURZS+Tba1rYxnjL1G13VKZNWf5zX8kbnXzEay9NcWQuPPwYq/+qK1n","gold_inserted_at":"2022-05-27T13:22:31.910Z","gold_updated_at":"2022-05-27T13:22:31.910Z","http_user_agent":"Mozilla/5.0 (Windows NT 10.0; Win64; x64) AppleWebKit/537.36 (KHTML, like Gecko) Chrome/101.0.4951.67 Safari/537.36","id":"event_MCslTLXtCs7uYfNlFLkbS67eZCtc7cruOanpxqYM/iaizbLdhjy52sttOrY2/FG5_6c006732-cc5f-4c93-ac98-18d85f40e810_6e278d7d-4a76-40a4-837b-dd912ad5a0e1","is_logged_in":true,"jsonapi_version":"1.0","key":"c7140144f14e3ecec56c6dd57e7d458f","message_created_at":"2022-05-27T07:40:39.669Z","messages_created_by":"runbit-producer-runtasticdataprd-appservice-runbitforwarder.azurewebsites.net","session_duration":14000,"session_event_count":3,"session_id":"6c006732-cc5f-4c93-ac98-18d85f40e810","silver_processed_at":"2022-05-27T12:05:40.099Z","sub_entity_type":"event","target":"rnt_web","tracking_action":"gplus","tracking_category":"login","type":"event","uidt":"c8aa46f4c271f60be79f8a2acd815c7a88b68708","ut":"c8aa46f4c271f60be79f8a2acd815c7a88b68708","utm_medium":"none","utm_source":"organic","version":"1","viewcontainer":"desktop.windows"}
{"aidt":"MCslTLXtCs7uYfNlFLkbS67eZCtc7cruOanpxqYM/iaizbLdhjy52sttOrY2/FG5","arrival_date":"2022-05-27","arrival_hour":2022052708,"arrival_month":202205,"arrival_year":2022,"attribution_time_in_ms":"2022-05-27T07:40:25.000Z","bronze_processed_at":"2022-05-27T11:05:44.111Z","captured_at":"2022-05-27T07:41:01.000Z","client_ip":"193.140.0.0","country_code":"TR","country_id":179,"country_name":"Turkey","data_attributes_event":"created","data_id":"3b528feb-1226-4716-ba25-74efb671bb4d","data_relationships_runbit_event_meta_version":1,"data_type":"runbit_event_message","eh_arrival_hour":2022052707,"environment":"production","event_id":"dc70392a-bf7c-485d-841b-c7b6adfae9be","event_referer":"https%3A//www.runtastic.com/","event_source":"rnt_web","event_type":"event","export_id":"8cmLGpKtQYURZS+Tba1rYxnjL1G13VKZNWf5zX8kbnXzEay9NcWQuPPwYq/+qK1n","gold_inserted_at":"2022-05-27T13:22:31.910Z","gold_updated_at":"2022-05-27T13:22:31.910Z","http_user_agent":"Mozilla/5.0 (Windows NT 10.0; Win64; x64) AppleWebKit/537.36 (KHTML, like Gecko) Chrome/101.0.4951.67 Safari/537.36","id":"event_MCslTLXtCs7uYfNlFLkbS67eZCtc7cruOanpxqYM/iaizbLdhjy52sttOrY2/FG5_6c006732-cc5f-4c93-ac98-18d85f40e810_dc70392a-bf7c-485d-841b-c7b6adfae9be","is_logged_in":true,"jsonapi_version":"1.0","key":"c7140144f14e3ecec56c6dd57e7d458f","message_created_at":"2022-05-27T07:41:03.735Z","messages_created_by":"runbit-producer-runtasticdataprd-appservice-runbitforwarder.azurewebsites.net","session_duration":36000,"session_event_count":6,"session_id":"6c006732-cc5f-4c93-ac98-18d85f40e810","silver_processed_at":"2022-05-27T12:05:40.099Z","sub_entity_type":"event","target":"rnt_web","tracking_action":"go_to_home","tracking_category":"navigation","tracking_label":"main_menu.home","type":"event","uidt":"c8aa46f4c271f60be79f8a2acd815c7a88b68708","ut":"c8aa46f4c271f60be79f8a2acd815c7a88b68708","utm_medium":"none","utm_source":"organic","version":"1","viewcontainer":"desktop.windows"}
{"aidt":"MCslTLXtCs7uYfNlFLkbS67eZCtc7cruOanpxqYM/iaizbLdhjy52sttOrY2/FG5","arrival_date":"2022-05-27","arrival_hour":2022052708,"arrival_month":202205,"arrival_year":2022,"attribution_time_in_ms":"2022-05-27T07:40:25.000Z","bronze_processed_at":"2022-05-27T11:05:44.111Z","captured_at":"2022-05-27T07:41:02.000Z","client_ip":"193.140.0.0","country_code":"TR","country_id":179,"country_name":"Turkey","data_attributes_event":"created","data_id":"25e176c6-9b14-450b-864e-504915d7d03e","data_relationships_runbit_event_meta_version":1,"data_type":"runbit_event_message","eh_arrival_hour":2022052707,"environment":"production","event_id":"e02a2cfa-5c03-491c-ab1e-069e4e55174e","event_referer":"https%3A//www.runtastic.com/en/users/JMAUJ19L6OF7TUES/settings/account-and-data","event_source":"rnt_web","event_type":"pageview","export_id":"8cmLGpKtQYURZS+Tba1rYxnjL1G13VKZNWf5zX8kbnXzEay9NcWQuPPwYq/+qK1n","gold_inserted_at":"2022-05-27T13:22:31.910Z","gold_updated_at":"2022-05-27T13:22:31.910Z","http_user_agent":"Mozilla/5.0 (Windows NT 10.0; Win64; x64) AppleWebKit/537.36 (KHTML, like Gecko) Chrome/101.0.4951.67 Safari/537.36","id":"pageview_MCslTLXtCs7uYfNlFLkbS67eZCtc7cruOanpxqYM/iaizbLdhjy52sttOrY2/FG5_6c006732-cc5f-4c93-ac98-18d85f40e810_e02a2cfa-5c03-491c-ab1e-069e4e55174e","is_logged_in":true,"jsonapi_version":"1.0","key":"c7140144f14e3ecec56c6dd57e7d458f","message_created_at":"2022-05-27T07:41:03.744Z","messages_created_by":"runbit-producer-runtasticdataprd-appservice-runbitforwarder.azurewebsites.net","session_duration":37000,"session_event_count":7,"session_id":"6c006732-cc5f-4c93-ac98-18d85f40e810","silver_processed_at":"2022-05-27T12:05:40.099Z","sub_entity_type":"pageview","target":"rnt_web","type":"pageview","uidt":"c8aa46f4c271f60be79f8a2acd815c7a88b68708","ut":"c8aa46f4c271f60be79f8a2acd815c7a88b68708","utm_medium":"none","utm_source":"organic","version":"1","viewcontainer":"desktop.windows","viewpage":"/runtastic-legacy/settings/account-and-data"}
{"aidt":"MCslTLXtCs7uYfNlFLkbS67eZCtc7cruOanpxqYM/iaizbLdhjy52sttOrY2/FG5","arrival_date":"2022-05-27","arrival_hour":2022052708,"arrival_month":202205,"arrival_year":2022,"attribution_time_in_ms":"2022-05-27T07:40:25.000Z","bronze_processed_at":"2022-05-27T11:05:44.111Z","captured_at":"2022-05-27T07:40:41.000Z","client_ip":"193.140.0.0","country_code":"TR","country_id":179,"country_name":"Turkey","data_attributes_event":"created","data_id":"e7bba992-2501-4012-8830-218d83f98283","data_relationships_runbit_event_meta_version":1,"data_type":"runbit_event_message","eh_arrival_hour":2022052707,"environment":"production","event_id":"a665d5a9-3471-4668-9cfc-54e93ea02209","event_referer":"https%3A//www.runtastic.com/","event_source":"rnt_web","event_type":"pageview","export_id":"8cmLGpKtQYURZS+Tba1rYxnjL1G13VKZNWf5zX8kbnXzEay9NcWQuPPwYq/+qK1n","gold_inserted_at":"2022-05-27T13:22:31.910Z","gold_updated_at":"2022-05-27T13:22:31.910Z","http_user_agent":"Mozilla/5.0 (Windows NT 10.0; Win64; x64) AppleWebKit/537.36 (KHTML, like Gecko) Chrome/101.0.4951.67 Safari/537.36","id":"pageview_MCslTLXtCs7uYfNlFLkbS67eZCtc7cruOanpxqYM/iaizbLdhjy52sttOrY2/FG5_6c006732-cc5f-4c93-ac98-18d85f40e810_a665d5a9-3471-4668-9cfc-54e93ea02209","is_logged_in":true,"jsonapi_version":"1.0","key":"c7140144f14e3ecec56c6dd57e7d458f","message_created_at":"2022-05-27T07:40:43.658Z","messages_created_by":"runbit-producer-runtasticdataprd-appservice-runbitforwarder.azurewebsites.net","session_duration":16000,"session_event_count":5,"session_id":"6c006732-cc5f-4c93-ac98-18d85f40e810","silver_processed_at":"2022-05-27T12:05:40.099Z","sub_entity_type":"pageview","target":"rnt_web","type":"pageview","uidt":"c8aa46f4c271f60be79f8a2acd815c7a88b68708","ut":"c8aa46f4c271f60be79f8a2acd815c7a88b68708","utm_medium":"none","utm_source":"organic","version":"1","viewcontainer":"desktop.windows","viewpage":"/landingpage-rebranded/landingpage-rebranded"}
{"aidt":"MCslTLXtCs7uYfNlFLkbS67eZCtc7cruOanpxqYM/iaizbLdhjy52sttOrY2/FG5","arrival_date":"2022-05-27","arrival_hour":2022052708,"arrival_month":202205,"arrival_year":2022,"attribution_time_in_ms":"2022-05-27T07:40:25.000Z","bronze_processed_at":"2022-05-27T11:05:44.111Z","captured_at":"2022-05-27T07:46:36.000Z","client_ip":"193.140.0.0","country_code":"TR","country_id":179,"country_name":"Turkey","data_attributes_event":"created","data_id":"4783cf51-4564-4829-9e32-134fe3e3a33b","data_relationships_runbit_event_meta_version":1,"data_type":"runbit_event_message","eh_arrival_hour":2022052707,"environment":"production","event_id":"e26b88e9-2b3f-4a61-8732-3bfd5ae69918","event_referer":"https%3A//www.runtastic.com/en/users/JMAUJ19L6OF7TUES/settings/account-and-data","event_source":"rnt_web","event_type":"pageview","export_id":"8cmLGpKtQYURZS+Tba1rYxnjL1G13VKZNWf5zX8kbnXzEay9NcWQuPPwYq/+qK1n","gold_inserted_at":"2022-05-27T13:22:31.910Z","gold_updated_at":"2022-05-27T13:22:31.910Z","http_user_agent":"Mozilla/5.0 (Windows NT 10.0; Win64; x64) AppleWebKit/537.36 (KHTML, like Gecko) Chrome/101.0.4951.67 Safari/537.36","id":"pageview_MCslTLXtCs7uYfNlFLkbS67eZCtc7cruOanpxqYM/iaizbLdhjy52sttOrY2/FG5_6c006732-cc5f-4c93-ac98-18d85f40e810_e26b88e9-2b3f-4a61-8732-3bfd5ae69918","is_logged_in":true,"jsonapi_version":"1.0","key":"c7140144f14e3ecec56c6dd57e7d458f","message_created_at":"2022-05-27T07:46:36.400Z","messages_created_by":"runbit-producer-runtasticdataprd-appservice-runbitforwarder.azurewebsites.net","session_duration":371000,"session_event_count":8,"session_id":"6c006732-cc5f-4c93-ac98-18d85f40e810","silver_processed_at":"2022-05-27T12:05:40.099Z","sub_entity_type":"pageview","target":"rnt_web","type":"pageview","uidt":"c8aa46f4c271f60be79f8a2acd815c7a88b68708","ut":"c8aa46f4c271f60be79f8a2acd815c7a88b68708","utm_medium":"none","utm_source":"organic","version":"1","viewcontainer":"desktop.windows","viewpage":"/runtastic-legacy/settings/account-and-data"}
{"aidt":"Sdl5lhFQkmUsvP1UxxYpbNWJHZxd5Vvu+nwLo5qVbmK+ZfUAIuos2c/JpmOCYZja","arrival_date":"2021-12-20","arrival_hour":2021122017,"arrival_month":202112,"arrival_year":2021,"attribution_time_in_ms":"2021-12-19T15:14:29.000Z","bronze_processed_at":"2021-12-21T00:06:39.265Z","captured_at":"2021-12-20T15:52:01.000Z","client_ip":"178.233.0.0","country_code":"TR","country_id":179,"country_name":"Turkey","data_attributes_event":"created","data_id":"c7804ce1-3e8a-4542-85f2-090e7d81f9c1","data_relationships_runbit_event_meta_version":1,"data_type":"runbit_event_message","eh_arrival_hour":2021122015,"environment":"production","event_id":"e4493d34-f5a6-45cf-b456-6ae77ad9a543","event_referer":"https%3A//www.runtastic.com/","event_source":"rnt_web","event_type":"pageview","export_id":"8cmLGpKtQYURZS+Tba1rYxnjL1G13VKZNWf5zX8kbnXzEay9NcWQuPPwYq/+qK1n","http_user_agent":"Mozilla/5.0 (Windows NT 10.0; Win64; x64) AppleWebKit/537.36 (KHTML, like Gecko) Chrome/96.0.4664.110 Safari/537.36","id":"pageview_Sdl5lhFQkmUsvP1UxxYpbNWJHZxd5Vvu+nwLo5qVbmK+ZfUAIuos2c/JpmOCYZja_d914d816-4254-4b6d-adb1-08a8c6308157_e4493d34-f5a6-45cf-b456-6ae77ad9a543","is_logged_in":true,"jsonapi_version":"1.0","key":"c7140144f14e3ecec56c6dd57e7d458f","message_created_at":"2021-12-20T15:52:02.953Z","messages_created_by":"runbit-producer-runtasticdataprd-appservice-runbitforwarder.azurewebsites.net","session_duration":15000,"session_event_count":4,"session_id":"d914d816-4254-4b6d-adb1-08a8c6308157","silver_processed_at":"2021-12-21T01:06:15.855Z","sub_entity_type":"pageview","target":"rnt_web","type":"pageview","uidt":"c8aa46f4c271f60be79f8a2acd815c7a88b68708","ut":"c8aa46f4c271f60be79f8a2acd815c7a88b68708","utm_medium":"none","utm_source":"organic","version":"1","viewcontainer":"desktop.windows","viewpage":"/landingpage-rebranded/landingpage-rebranded"}
{"aidt":"Sdl5lhFQkmUsvP1UxxYpbNWJHZxd5Vvu+nwLo5qVbmK+ZfUAIuos2c/JpmOCYZja","arrival_date":"2021-12-19","arrival_hour":2021121915,"arrival_month":202112,"arrival_year":2021,"attribution_time_in_ms":"2021-12-19T15:14:29.000Z","bronze_processed_at":"2021-12-20T00:07:13.703Z","captured_at":"2021-12-19T15:14:51.000Z","client_ip":"178.233.0.0","country_code":"TR","country_id":179,"country_name":"Turkey","data_attributes_event":"created","data_id":"39cb425d-4190-4af5-973e-6e36b3229575","data_relationships_runbit_event_meta_version":1,"data_type":"runbit_event_message","eh_arrival_hour":2021121915,"environment":"production","event_id":"168d91bf-fcf8-47b1-84d3-cf86199980b2","event_referer":"https%3A//www.runtastic.com/en/users/JMAUJ19L6OF7TUES/settings/account-and-data","event_source":"rnt_web","event_type":"pageview","export_id":"8cmLGpKtQYURZS+Tba1rYxnjL1G13VKZNWf5zX8kbnXzEay9NcWQuPPwYq/+qK1n","http_user_agent":"Mozilla/5.0 (Windows NT 10.0; Win64; x64) AppleWebKit/537.36 (KHTML, like Gecko) Chrome/96.0.4664.110 Safari/537.36","id":"pageview_Sdl5lhFQkmUsvP1UxxYpbNWJHZxd5Vvu+nwLo5qVbmK+ZfUAIuos2c/JpmOCYZja_7daad9c0-860a-4548-a786-185e350de30d_168d91bf-fcf8-47b1-84d3-cf86199980b2","is_logged_in":true,"jsonapi_version":"1.0","key":"c7140144f14e3ecec56c6dd57e7d458f","message_created_at":"2021-12-19T15:14:52.586Z","messages_created_by":"runbit-producer-runtasticdataprd-appservice-runbitforwarder.azurewebsites.net","session_duration":22000,"session_event_count":7,"session_id":"7daad9c0-860a-4548-a786-185e350de30d","silver_processed_at":"2021-12-20T01:06:16.508Z","sub_entity_type":"pageview","target":"rnt_web","type":"pageview","uidt":"c8aa46f4c271f60be79f8a2acd815c7a88b68708","ut":"c8aa46f4c271f60be79f8a2acd815c7a88b68708","utm_medium":"none","utm_source":"organic","version":"1","viewcontainer":"desktop.windows","viewpage":"/runtastic-legacy/settings/account-and-data"}
{"aidt":"Sdl5lhFQkmUsvP1UxxYpbNWJHZxd5Vvu+nwLo5qVbmK+ZfUAIuos2c/JpmOCYZja","arrival_date":"2021-12-20","arrival_hour":2021122017,"arrival_month":202112,"arrival_year":2021,"attribution_time_in_ms":"2021-12-19T15:14:29.000Z","bronze_processed_at":"2021-12-21T00:06:39.265Z","captured_at":"2021-12-20T15:52:09.000Z","client_ip":"178.233.0.0","country_code":"TR","country_id":179,"country_name":"Turkey","data_attributes_event":"created","data_id":"9c570b2e-9b66-4488-9b72-63d1d255861e","data_relationships_runbit_event_meta_version":1,"data_type":"runbit_event_message","eh_arrival_hour":2021122015,"environment":"production","event_id":"7d5d63c3-aaab-4d7d-9e04-850aa4fef384","event_referer":"https%3A//www.runtastic.com/en/users/JMAUJ19L6OF7TUES/settings/account-and-data","event_source":"rnt_web","event_type":"pageview","export_id":"8cmLGpKtQYURZS+Tba1rYxnjL1G13VKZNWf5zX8kbnXzEay9NcWQuPPwYq/+qK1n","http_user_agent":"Mozilla/5.0 (Windows NT 10.0; Win64; x64) AppleWebKit/537.36 (KHTML, like Gecko) Chrome/96.0.4664.110 Safari/537.36","id":"pageview_Sdl5lhFQkmUsvP1UxxYpbNWJHZxd5Vvu+nwLo5qVbmK+ZfUAIuos2c/JpmOCYZja_d914d816-4254-4b6d-adb1-08a8c6308157_7d5d63c3-aaab-4d7d-9e04-850aa4fef384","is_logged_in":true,"jsonapi_version":"1.0","key":"c7140144f14e3ecec56c6dd57e7d458f","message_created_at":"2021-12-20T15:52:10.973Z","messages_created_by":"runbit-producer-runtasticdataprd-appservice-runbitforwarder.azurewebsites.net","session_duration":23000,"session_event_count":6,"session_id":"d914d816-4254-4b6d-adb1-08a8c6308157","silver_processed_at":"2021-12-21T01:06:15.855Z","sub_entity_type":"pageview","target":"rnt_web","type":"pageview","uidt":"c8aa46f4c271f60be79f8a2acd815c7a88b68708","ut":"c8aa46f4c271f60be79f8a2acd815c7a88b68708","utm_medium":"none","utm_source":"organic","version":"1","viewcontainer":"desktop.windows","viewpage":"/runtastic-legacy/settings/account-and-data"}
{"aidt":"Sdl5lhFQkmUsvP1UxxYpbNWJHZxd5Vvu+nwLo5qVbmK+ZfUAIuos2c/JpmOCYZja","arrival_date":"2021-12-20","arrival_hour":2021122017,"arrival_month":202112,"arrival_year":2021,"attribution_time_in_ms":"2021-12-19T15:14:29.000Z","bronze_processed_at":"2021-12-21T00:06:39.265Z","captured_at":"2021-12-20T15:51:59.000Z","client_ip":"178.233.0.0","country_code":"TR","country_id":179,"country_name":"Turkey","data_attributes_event":"created","data_id":"21ddf7ce-ee5f-4cb9-9d7d-37e3e8dd07f1","data_relationships_runbit_event_meta_version":1,"data_type":"runbit_event_message","eh_arrival_hour":2021122015,"environment":"production","event_id":"fa5f7b99-b328-410e-93ff-165240de78bb","event_referer":"https%3A//www.runtastic.com/en/users/JMAUJ19L6OF7TUES/settings/account-and-data","event_source":"rnt_web","event_type":"event","export_id":"8cmLGpKtQYURZS+Tba1rYxnjL1G13VKZNWf5zX8kbnXzEay9NcWQuPPwYq/+qK1n","http_user_agent":"Mozilla/5.0 (Windows NT 10.0; Win64; x64) AppleWebKit/537.36 (KHTML, like Gecko) Chrome/96.0.4664.110 Safari/537.36","id":"event_Sdl5lhFQkmUsvP1UxxYpbNWJHZxd5Vvu+nwLo5qVbmK+ZfUAIuos2c/JpmOCYZja_d914d816-4254-4b6d-adb1-08a8c6308157_fa5f7b99-b328-410e-93ff-165240de78bb","is_logged_in":true,"jsonapi_version":"1.0","key":"c7140144f14e3ecec56c6dd57e7d458f","message_created_at":"2021-12-20T15:52:01.026Z","messages_created_by":"runbit-producer-runtasticdataprd-appservice-runbitforwarder.azurewebsites.net","session_duration":13000,"session_event_count":2,"session_id":"d914d816-4254-4b6d-adb1-08a8c6308157","silver_processed_at":"2021-12-21T01:06:15.855Z","sub_entity_type":"event","target":"rnt_web","tracking_action":"gplus","tracking_category":"login","type":"event","uidt":"c8aa46f4c271f60be79f8a2acd815c7a88b68708","ut":"c8aa46f4c271f60be79f8a2acd815c7a88b68708","utm_medium":"none","utm_source":"organic","version":"1","viewcontainer":"desktop.windows","viewpage":"settings/ember_settings"}
{"aidt":"Sdl5lhFQkmUsvP1UxxYpbNWJHZxd5Vvu+nwLo5qVbmK+ZfUAIuos2c/JpmOCYZja","arrival_date":"2021-12-20","arrival_hour":2021122017,"arrival_month":202112,"arrival_year":2021,"attribution_time_in_ms":"2021-12-19T15:14:29.000Z","bronze_processed_at":"2021-12-21T00:06:39.265Z","captured_at":"2021-12-20T15:51:46.000Z","client_ip":"178.233.0.0","country_code":"TR","country_id":179,"country_name":"Turkey","data_attributes_event":"created","data_id":"35639d1d-141f-42c0-bfe5-01b0e594ad72","data_relationships_runbit_event_meta_version":1,"data_type":"runbit_event_message","eh_arrival_hour":2021122015,"environment":"production","event_id":"67f457b6-6611-480f-9a68-114cc6d52fd3","event_referer":"https%3A//www.runtastic.com/en/users/JMAUJ19L6OF7TUES/settings/account-and-data","event_source":"rnt_web","event_type":"event","export_id":"8cmLGpKtQYURZS+Tba1rYxnjL1G13VKZNWf5zX8kbnXzEay9NcWQuPPwYq/+qK1n","http_user_agent":"Mozilla/5.0 (Windows NT 10.0; Win64; x64) AppleWebKit/537.36 (KHTML, like Gecko) Chrome/96.0.4664.110 Safari/537.36","id":"event_Sdl5lhFQkmUsvP1UxxYpbNWJHZxd5Vvu+nwLo5qVbmK+ZfUAIuos2c/JpmOCYZja_f4176c42-309f-40d9-bb21-a581816274c3_67f457b6-6611-480f-9a68-114cc6d52fd3","jsonapi_version":"1.0","key":"c7140144f14e3ecec56c6dd57e7d458f","message_created_at":"2021-12-20T15:51:46.962Z","messages_created_by":"runbit-producer-runtasticdataprd-appservice-runbitforwarder.azurewebsites.net","session_duration":0,"session_event_count":1,"session_id":"f4176c42-309f-40d9-bb21-a581816274c3","silver_processed_at":"2021-12-21T01:06:15.855Z","sub_entity_type":"event","target":"rnt_web","tracking_action":"Blocked","tracking_category":"Adblock","tracking_label":"false","type":"event","uidt":"c8aa46f4c271f60be79f8a2acd815c7a88b68708","utm_medium":"none","utm_source":"organic","version":"1","viewcontainer":"desktop.windows","viewpage":"settings/ember_settings"}
{"aidt":"Sdl5lhFQkmUsvP1UxxYpbNWJHZxd5Vvu+nwLo5qVbmK+ZfUAIuos2c/JpmOCYZja","arrival_date":"2021-12-19","arrival_hour":2021121915,"arrival_month":202112,"arrival_year":2021,"attribution_time_in_ms":"2021-12-19T15:14:29.000Z","bronze_processed_at":"2021-12-20T00:07:13.703Z","captured_at":"2021-12-19T15:14:49.000Z","client_ip":"178.233.0.0","country_code":"TR","country_id":179,"country_name":"Turkey","data_attributes_event":"created","data_id":"93dc678e-c9cf-401a-8b93-250cec579af3","data_relationships_runbit_event_meta_version":1,"data_type":"runbit_event_message","eh_arrival_hour":2021121915,"environment":"production","event_id":"48db04bc-2826-480b-a55e-5851cb20aec7","event_referer":"https%3A//www.runtastic.com/","event_source":"rnt_web","event_type":"event","export_id":"8cmLGpKtQYURZS+Tba1rYxnjL1G13VKZNWf5zX8kbnXzEay9NcWQuPPwYq/+qK1n","http_user_agent":"Mozilla/5.0 (Windows NT 10.0; Win64; x64) AppleWebKit/537.36 (KHTML, like Gecko) Chrome/96.0.4664.110 Safari/537.36","id":"event_Sdl5lhFQkmUsvP1UxxYpbNWJHZxd5Vvu+nwLo5qVbmK+ZfUAIuos2c/JpmOCYZja_7daad9c0-860a-4548-a786-185e350de30d_48db04bc-2826-480b-a55e-5851cb20aec7","is_logged_in":true,"jsonapi_version":"1.0","key":"c7140144f14e3ecec56c6dd57e7d458f","message_created_at":"2021-12-19T15:14:50.631Z","messages_created_by":"runbit-producer-runtasticdataprd-appservice-runbitforwarder.azurewebsites.net","session_duration":20000,"session_event_count":6,"session_id":"7daad9c0-860a-4548-a786-185e350de30d","silver_processed_at":"2021-12-20T01:06:16.508Z","sub_entity_type":"event","target":"rnt_web","tracking_action":"go_to_home","tracking_category":"navigation","tracking_label":"main_menu.home","type":"event","uidt":"c8aa46f4c271f60be79f8a2acd815c7a88b68708","ut":"c8aa46f4c271f60be79f8a2acd815c7a88b68708","utm_medium":"none","utm_source":"organic","version":"1","viewcontainer":"desktop.windows"}
{"aidt":"Sdl5lhFQkmUsvP1UxxYpbNWJHZxd5Vvu+nwLo5qVbmK+ZfUAIuos2c/JpmOCYZja","arrival_date":"2021-12-19","arrival_hour":2021121915,"arrival_month":202112,"arrival_year":2021,"attribution_time_in_ms":"2021-12-19T15:14:29.000Z","bronze_processed_at":"2021-12-20T00:07:13.703Z","captured_at":"2021-12-19T15:14:41.000Z","client_ip":"178.233.0.0","country_code":"TR","country_id":179,"country_name":"Turkey","data_attributes_event":"created","data_id":"e40c2c87-74db-4c8a-a89d-e2944590b280","data_relationships_runbit_event_meta_version":1,"data_type":"runbit_event_message","eh_arrival_hour":2021121915,"environment":"production","event_id":"a6e08fc6-3903-4456-8fd1-e5c71c42d947","event_referer":"https%3A//www.runtastic.com/tr/","event_source":"rnt_web","event_type":"event","export_id":"8cmLGpKtQYURZS+Tba1rYxnjL1G13VKZNWf5zX8kbnXzEay9NcWQuPPwYq/+qK1n","http_user_agent":"Mozilla/5.0 (Windows NT 10.0; Win64; x64) AppleWebKit/537.36 (KHTML, like Gecko) Chrome/96.0.4664.110 Safari/537.36","id":"event_Sdl5lhFQkmUsvP1UxxYpbNWJHZxd5Vvu+nwLo5qVbmK+ZfUAIuos2c/JpmOCYZja_7daad9c0-860a-4548-a786-185e350de30d_a6e08fc6-3903-4456-8fd1-e5c71c42d947","is_logged_in":true,"jsonapi_version":"1.0","key":"c7140144f14e3ecec56c6dd57e7d458f","message_created_at":"2021-12-19T15:14:42.601Z","messages_created_by":"runbit-producer-runtasticdataprd-appservice-runbitforwarder.azurewebsites.net","session_duration":12000,"session_event_count":3,"session_id":"7daad9c0-860a-4548-a786-185e350de30d","silver_processed_at":"2021-12-20T01:06:16.508Z","sub_entity_type":"event","target":"rnt_web","tracking_action":"gplus","tracking_category":"login","type":"event","uidt":"c8aa46f4c271f60be79f8a2acd815c7a88b68708","ut":"c8aa46f4c271f60be79f8a2acd815c7a88b68708","utm_medium":"none","utm_source":"organic","version":"1","viewcontainer":"desktop.windows"}
{"aidt":"Sdl5lhFQkmUsvP1UxxYpbNWJHZxd5Vvu+nwLo5qVbmK+ZfUAIuos2c/JpmOCYZja","arrival_date":"2021-12-19","arrival_hour":2021121915,"arrival_month":202112,"arrival_year":2021,"attribution_time_in_ms":"2021-12-19T15:14:29.000Z","bronze_processed_at":"2021-12-20T00:07:13.703Z","captured_at":"2021-12-19T15:14:44.000Z","client_ip":"178.233.0.0","country_code":"TR","country_id":179,"country_name":"Turkey","data_attributes_event":"created","data_id":"0f756b16-a0e5-4420-b071-b211968297b8","data_relationships_runbit_event_meta_version":1,"data_type":"runbit_event_message","eh_arrival_hour":2021121915,"environment":"production","event_id":"7abbc9c4-172d-41a8-85ac-9e55af278a83","event_referer":"https%3A//www.runtastic.com/","event_source":"rnt_web","event_type":"pageview","export_id":"8cmLGpKtQYURZS+Tba1rYxnjL1G13VKZNWf5zX8kbnXzEay9NcWQuPPwYq/+qK1n","http_user_agent":"Mozilla/5.0 (Windows NT 10.0; Win64; x64) AppleWebKit/537.36 (KHTML, like Gecko) Chrome/96.0.4664.110 Safari/537.36","id":"pageview_Sdl5lhFQkmUsvP1UxxYpbNWJHZxd5Vvu+nwLo5qVbmK+ZfUAIuos2c/JpmOCYZja_7daad9c0-860a-4548-a786-185e350de30d_7abbc9c4-172d-41a8-85ac-9e55af278a83","is_logged_in":true,"jsonapi_version":"1.0","key":"c7140144f14e3ecec56c6dd57e7d458f","message_created_at":"2021-12-19T15:14:44.647Z","messages_created_by":"runbit-producer-runtasticdataprd-appservice-runbitforwarder.azurewebsites.net","session_duration":15000,"session_event_count":5,"session_id":"7daad9c0-860a-4548-a786-185e350de30d","silver_processed_at":"2021-12-20T01:06:16.508Z","sub_entity_type":"pageview","target":"rnt_web","type":"pageview","uidt":"c8aa46f4c271f60be79f8a2acd815c7a88b68708","ut":"c8aa46f4c271f60be79f8a2acd815c7a88b68708","utm_medium":"none","utm_source":"organic","version":"1","viewcontainer":"desktop.windows","viewpage":"/landingpage-rebranded/landingpage-rebranded"}
{"aidt":"Sdl5lhFQkmUsvP1UxxYpbNWJHZxd5Vvu+nwLo5qVbmK+ZfUAIuos2c/JpmOCYZja","arrival_date":"2021-12-19","arrival_hour":2021121915,"arrival_month":202112,"arrival_year":2021,"attribution_time_in_ms":"2021-12-19T15:14:29.000Z","bronze_processed_at":"2021-12-20T00:07:13.703Z","captured_at":"2021-12-19T15:14:43.000Z","client_ip":"178.233.0.0","country_code":"TR","country_id":179,"country_name":"Turkey","data_attributes_event":"created","data_id":"9e323bc0-1d3d-44ad-8723-74b6712fb23e","data_relationships_runbit_event_meta_version":1,"data_type":"runbit_event_message","eh_arrival_hour":2021121915,"environment":"production","event_id":"4c92d332-2f4f-472e-ad13-77455d5ba316","event_referer":"https%3A//www.runtastic.com/","event_source":"rnt_web","event_type":"pageview","export_id":"8cmLGpKtQYURZS+Tba1rYxnjL1G13VKZNWf5zX8kbnXzEay9NcWQuPPwYq/+qK1n","http_user_agent":"Mozilla/5.0 (Windows NT 10.0; Win64; x64) AppleWebKit/537.36 (KHTML, like Gecko) Chrome/96.0.4664.110 Safari/537.36","id":"pageview_Sdl5lhFQkmUsvP1UxxYpbNWJHZxd5Vvu+nwLo5qVbmK+ZfUAIuos2c/JpmOCYZja_7daad9c0-860a-4548-a786-185e350de30d_4c92d332-2f4f-472e-ad13-77455d5ba316","is_logged_in":true,"jsonapi_version":"1.0","key":"c7140144f14e3ecec56c6dd57e7d458f","message_created_at":"2021-12-19T15:14:44.581Z","messages_created_by":"runbit-producer-runtasticdataprd-appservice-runbitforwarder.azurewebsites.net","session_duration":14000,"session_event_count":4,"session_id":"7daad9c0-860a-4548-a786-185e350de30d","silver_processed_at":"2021-12-20T01:06:16.508Z","sub_entity_type":"pageview","target":"rnt_web","type":"pageview","uidt":"c8aa46f4c271f60be79f8a2acd815c7a88b68708","ut":"c8aa46f4c271f60be79f8a2acd815c7a88b68708","utm_medium":"none","utm_source":"organic","version":"1","viewcontainer":"desktop.windows","viewpage":"/landingpage-rebranded/landingpage-rebranded"}
